code,confidence,tagged_by,created_at
N2,0.8,llmd,2026-03-15 03:40:28.305276+00
N4,0.75,llmd,2026-03-15 03:40:31.724368+00
N4,0.75,llmd,2026-03-15 03:40:35.491051+00
N5,0.75,llmd,2026-03-15 03:40:40.253441+00
N4,0.75,llmd,2026-03-15 03:40:43.816755+00
N5,0.8,llmd,2026-03-15 03:40:46.987681+00
N4,0.75,llmd,2026-03-15 03:40:46.990597+00
N2,0.8,llmd,2026-03-15 03:40:49.908591+00
N4,0.75,llmd,2026-03-15 03:40:56.092761+00
N1,0.8,llmd,2026-03-15 03:40:56.098967+00
N1,0.75,llmd,2026-03-15 03:40:58.491415+00
N1,0.8,llmd,2026-03-15 03:41:07.167437+00
N1,0.8,llmd,2026-03-15 03:41:07.171418+00
N2,0.75,llmd,2026-03-15 04:00:10.114294+00
N4,0.75,llmd,2026-03-15 04:00:50.695275+00
N4,0.7,llmd,2026-03-15 04:00:50.69827+00
N4,0.8,llmd,2026-03-15 04:01:01.727383+00
N4,0.75,llmd,2026-03-15 04:01:06.395522+00
N2,0.75,llmd,2026-03-15 04:01:08.928198+00
N5,0.75,llmd,2026-03-15 04:20:11.003514+00
N2,0.8,llmd,2026-03-15 04:20:11.011369+00
N1,0.8,llmd,2026-03-15 04:20:34.723825+00
N5,0.75,llmd,2026-03-15 04:21:00.435367+00
N5,0.7,llmd,2026-03-15 04:21:00.437901+00
N5,0.72,llmd,2026-03-15 04:21:00.439106+00
N5,0.7,llmd,2026-03-15 04:21:00.440324+00
N5,0.75,llmd,2026-03-15 04:21:06.170275+00
N4,0.7,llmd,2026-03-15 04:21:06.171703+00
N4,0.7,llmd,2026-03-17 08:00:26.754127+00
N5,0.7,llmd,2026-03-17 08:00:29.667185+00
N1,0.75,llmd,2026-03-17 08:00:33.122036+00
N4,0.75,llmd,2026-03-18 00:50:29.948545+00
N4,0.7,llmd,2026-03-18 03:50:41.670252+00
N5,0.75,llmd,2026-03-18 05:30:04.481944+00
N4,0.8,llmd,2026-03-18 05:40:18.457332+00
N1,0.8,llmd,2026-03-18 05:50:04.615015+00
N4,0.75,llmd,2026-03-18 05:50:04.617955+00
N4,0.8,llmd,2026-03-18 06:00:13.229111+00
N2,0.7,llmd,2026-03-18 06:10:06.99517+00
N1,0.8,llmd,2026-03-18 06:20:17.049869+00
N4,0.8,llmd,2026-03-18 07:30:04.165826+00
N2,0.8,llmd,2026-03-18 08:00:38.198573+00
N4,0.8,llmd,2026-03-18 08:10:07.58472+00
N1,0.7,llmd,2026-03-18 08:20:06.988474+00
N1,0.7,llmd,2026-03-18 08:20:40.893821+00
N5,0.8,llmd,2026-03-18 08:20:47.751644+00
N4,0.8,llmd,2026-03-18 09:20:07.633607+00
N2,0.7,llmd,2026-03-18 09:20:34.130318+00
N4,0.75,llmd,2026-03-18 09:40:04.140831+00
N1,0.8,llmd,2026-03-18 09:50:18.915297+00
N4,0.7,llmd,2026-03-18 09:50:18.924523+00
N1,0.8,llmd,2026-03-18 10:30:05.121758+00
N1,0.7,llmd,2026-03-18 10:50:29.050548+00
N5,0.8,llmd,2026-03-18 11:00:04.918365+00
N4,0.7,llmd,2026-03-18 11:10:26.957023+00
N5,0.7,llmd,2026-03-18 11:20:19.526976+00
N1,0.8,llmd,2026-03-18 11:30:03.818748+00
N5,0.7,llmd,2026-03-18 11:40:25.659456+00
N5,0.7,llmd,2026-03-18 11:40:25.665976+00
N2,0.7,llmd,2026-03-18 12:00:08.950155+00
N4,0.7,llmd,2026-03-18 12:00:08.969166+00
N5,0.7,llmd,2026-03-18 12:00:12.773517+00
N2,0.8,llmd,2026-03-18 12:00:35.214059+00
N2,0.8,llmd,2026-03-18 12:00:35.221933+00
N4,0.75,llmd,2026-03-18 13:00:46.07352+00
N4,0.7,llmd,2026-03-18 13:10:03.909566+00
N4,0.75,llmd,2026-03-18 13:20:41.416834+00
N4,0.75,llmd,2026-03-18 13:20:41.42038+00
N4,0.75,llmd,2026-03-18 13:20:41.421663+00
N2,0.8,llmd,2026-03-18 13:20:53.595929+00
N2,0.7,llmd,2026-03-18 13:20:53.598044+00
N1,0.75,llmd,2026-03-18 13:21:01.593272+00
N5,0.8,llmd,2026-03-18 13:21:07.352237+00
N5,0.8,llmd,2026-03-18 13:21:07.355417+00
N5,0.75,llmd,2026-03-18 13:21:07.363801+00
N5,0.8,llmd,2026-03-18 13:30:03.808638+00
N4,0.7,llmd,2026-03-18 14:10:22.002939+00
N5,0.7,llmd,2026-03-18 14:11:35.877771+00
N1,0.7,llmd,2026-03-18 14:20:04.494261+00
N3,0.8,llmd,2026-03-18 14:30:03.802646+00
N4,0.7,llmd,2026-03-18 14:50:08.146826+00
N1,0.8,llmd,2026-03-18 15:00:04.527628+00
N1,0.8,llmd,2026-03-18 15:00:04.538317+00
N1,0.8,llmd,2026-03-18 18:00:04.716494+00
N5,0.7,llmd,2026-03-18 18:00:04.733706+00
N5,0.8,llmd,2026-03-18 18:10:05.240704+00
N4,0.7,llmd,2026-03-18 18:10:05.253647+00
N5,0.8,llmd,2026-03-18 18:10:05.256594+00
N1,0.7,llmd,2026-03-18 18:20:14.635166+00
N1,0.8,llmd,2026-03-18 18:30:05.060367+00
N5,0.7,llmd,2026-03-18 18:30:05.064066+00
N1,0.85,llmd,2026-03-18 18:30:05.065982+00
N4,0.7,llmd,2026-03-18 18:30:37.491862+00
N1,0.7,llmd,2026-03-18 19:00:04.99552+00
N4,0.75,llmd,2026-03-18 19:20:22.346817+00
N4,0.7,llmd,2026-03-18 19:40:04.500854+00
N1,0.75,llmd,2026-03-18 19:40:55.252375+00
N1,0.7,llmd,2026-03-18 19:40:55.261226+00
N1,0.7,llmd,2026-03-18 22:00:11.894289+00
N4,0.75,llmd,2026-03-18 23:30:18.172266+00
N1,0.8,llmd,2026-03-19 02:00:04.126781+00
N5,0.7,llmd,2026-03-19 02:00:04.13047+00
N2,0.7,llmd,2026-03-19 02:40:18.348586+00
N4,0.8,llmd,2026-03-19 04:10:33.858189+00
N1,0.9,llmd,2026-03-19 05:50:03.853549+00
N2,0.75,llmd,2026-03-19 06:40:04.629585+00
N4,0.8,llmd,2026-03-19 07:00:06.981516+00
N5,0.7,llmd,2026-03-19 07:20:25.039067+00
N1,0.8,llmd,2026-03-19 07:30:04.108684+00
N4,0.7,llmd,2026-03-19 07:30:04.112903+00
N4,0.8,llmd,2026-03-19 07:50:10.527815+00
N5,0.7,llmd,2026-03-19 08:00:59.024456+00
N2,0.75,llmd,2026-03-19 09:10:56.547281+00
N4,0.7,llmd,2026-03-19 09:10:56.55818+00
N4,0.8,llmd,2026-03-19 09:30:04.807461+00
N4,0.8,llmd,2026-03-19 10:00:17.104935+00
N4,0.7,llmd,2026-03-19 10:00:30.269111+00
N3,0.7,llmd,2026-03-19 11:40:04.957804+00
N5,0.7,llmd,2026-03-19 11:40:04.966905+00
N5,0.75,llmd,2026-03-15 05:00:25.602526+00
N4,0.75,llmd,2026-03-15 05:20:26.387102+00
N2,0.75,llmd,2026-03-15 05:20:30.850093+00
N5,0.75,llmd,2026-03-15 05:20:53.667129+00
N5,0.8,llmd,2026-03-17 08:11:04.448254+00
N5,0.7,llmd,2026-03-17 08:11:04.452228+00
N5,0.7,llmd,2026-03-17 08:20:39.335204+00
N4,0.8,llmd,2026-03-18 04:40:30.247524+00
N1,0.8,llmd,2026-03-18 06:30:05.386652+00
N5,0.7,llmd,2026-03-18 06:30:05.399462+00
N2,0.7,llmd,2026-03-18 06:30:12.361817+00
N1,0.8,llmd,2026-03-18 08:30:07.900752+00
N4,0.8,llmd,2026-03-18 08:30:24.130165+00
N4,0.8,llmd,2026-03-18 08:30:31.779412+00
N4,0.75,llmd,2026-03-18 08:30:31.782925+00
N4,0.8,llmd,2026-03-18 09:30:05.049667+00
N4,0.85,llmd,2026-03-18 09:30:05.054131+00
N3,0.75,llmd,2026-03-18 09:30:05.056123+00
N1,0.8,llmd,2026-03-18 10:00:04.480857+00
N1,0.8,llmd,2026-03-18 10:00:08.189326+00
N4,0.75,llmd,2026-03-18 10:00:26.619077+00
N4,0.8,llmd,2026-03-18 10:00:26.626984+00
N4,0.7,llmd,2026-03-18 10:40:19.267127+00
N4,0.7,llmd,2026-03-18 10:40:19.272634+00
N5,0.7,llmd,2026-03-18 10:40:22.811116+00
N1,0.8,llmd,2026-03-18 12:10:11.258101+00
N1,0.8,llmd,2026-03-18 12:10:11.264314+00
N1,0.8,llmd,2026-03-18 12:10:11.266231+00
N4,0.8,llmd,2026-03-18 12:10:24.622083+00
N1,0.8,llmd,2026-03-18 12:20:04.486681+00
N4,0.7,llmd,2026-03-18 12:20:08.49021+00
N4,0.7,llmd,2026-03-18 12:20:15.604814+00
N4,0.7,llmd,2026-03-18 12:20:26.53316+00
N5,0.7,llmd,2026-03-18 12:20:26.53537+00
N4,0.75,llmd,2026-03-18 12:30:04.965928+00
N2,0.8,llmd,2026-03-18 12:30:04.967936+00
N4,0.7,llmd,2026-03-18 12:30:04.969566+00
N1,0.8,llmd,2026-03-18 12:30:37.770616+00
N4,0.7,llmd,2026-03-18 13:40:14.050646+00
N1,0.8,llmd,2026-03-18 14:00:41.112298+00
N5,0.75,llmd,2026-03-18 14:21:25.02613+00
N4,0.7,llmd,2026-03-18 15:00:59.524762+00
N1,0.7,llmd,2026-03-18 18:01:04.431594+00
N5,0.7,llmd,2026-03-18 18:01:27.205039+00
N1,0.8,llmd,2026-03-18 20:00:22.152771+00
N2,0.75,llmd,2026-03-18 22:30:08.155747+00
N4,0.8,llmd,2026-03-18 23:50:18.25535+00
N4,0.8,llmd,2026-03-19 02:20:14.466949+00
N1,0.8,llmd,2026-03-19 06:00:03.261246+00
N5,0.7,llmd,2026-03-19 06:00:04.093827+00
N1,0.8,llmd,2026-03-19 06:00:17.761181+00
N4,0.8,llmd,2026-03-19 06:00:23.812268+00
N4,0.8,llmd,2026-03-19 08:00:04.724915+00
N4,0.8,llmd,2026-03-19 08:00:11.651632+00
N4,0.8,llmd,2026-03-19 08:00:28.280188+00
N2,0.7,llmd,2026-03-19 08:10:08.223577+00
N4,0.75,llmd,2026-03-19 08:10:27.541805+00
N2,0.8,llmd,2026-03-19 08:10:31.492158+00
N4,0.75,llmd,2026-03-19 10:01:03.362055+00
N2,0.8,llmd,2026-03-19 10:10:04.028368+00
N4,0.7,llmd,2026-03-19 11:40:04.97189+00
N4,0.7,llmd,2026-03-19 11:40:23.024928+00
N4,0.8,llm,2026-03-12 23:27:35.182442+00
N3,0.75,llmd,2026-03-15 05:41:06.22025+00
N3,0.8,llmd,2026-03-15 05:41:06.225523+00
N1,0.8,llmd,2026-03-17 08:30:04.555173+00
N5,0.75,llmd,2026-03-17 08:40:33.491008+00
N4,0.7,llmd,2026-03-18 07:00:07.216964+00
N4,0.7,llmd,2026-03-18 08:40:04.080934+00
N4,0.7,llmd,2026-03-18 08:40:18.745919+00
N1,0.7,llmd,2026-03-18 12:30:37.760721+00
N2,0.7,llmd,2026-03-18 13:40:34.378093+00
N5,0.8,llmd,2026-03-18 13:40:38.456792+00
N5,0.7,llmd,2026-03-18 13:40:38.46016+00
N5,0.7,llmd,2026-03-18 13:40:38.462201+00
N4,0.8,llmd,2026-03-18 13:50:36.52876+00
N1,0.8,llmd,2026-03-18 14:00:09.081163+00
N1,0.8,llmd,2026-03-18 14:00:09.084253+00
N1,0.7,llmd,2026-03-18 14:00:12.488335+00
N5,0.8,llmd,2026-03-18 15:30:04.373029+00
N4,0.75,llmd,2026-03-18 15:30:04.378036+00
N2,0.8,llmd,2026-03-18 20:10:52.527722+00
N2,0.75,llm,2026-03-12 23:27:44.537741+00
N3,0.8,llm,2026-03-12 23:27:44.541399+00
N5,0.7,llmd,2026-03-18 20:10:52.5309+00
N5,0.7,llmd,2026-03-19 00:00:09.586324+00
N4,0.7,llmd,2026-03-19 06:30:03.788518+00
N2,0.8,llmd,2026-03-19 06:30:03.796737+00
N5,0.7,llmd,2026-03-19 06:30:03.80015+00
N2,0.75,llmd,2026-03-19 08:30:08.52696+00
N1,0.7,llmd,2026-03-19 08:30:15.180053+00
N2,0.75,llmd,2026-03-19 08:40:04.587244+00
N5,0.7,llmd,2026-03-19 08:40:04.589969+00
N4,0.7,llmd,2026-03-19 08:40:04.594138+00
N5,0.7,llmd,2026-03-19 08:40:04.607369+00
N4,0.7,llmd,2026-03-19 08:40:33.608253+00
N1,0.8,llmd,2026-03-19 10:20:04.019972+00
N4,0.75,llmd,2026-03-19 10:30:40.331286+00
N4,0.8,llmd,2026-03-19 12:00:04.6259+00
N1,0.75,llmd,2026-03-19 12:00:04.633455+00
N1,0.8,llmd,2026-03-19 12:00:08.615398+00
N1,0.8,llmd,2026-03-19 12:00:08.617104+00
N4,0.75,llm,2026-03-12 23:27:54.028077+00
N3,0.8,llm,2026-03-12 23:27:54.030112+00
N1,0.8,llmd,2026-03-19 12:00:33.096311+00
N4,0.8,llmd,2026-03-19 12:10:09.832534+00
N4,0.8,llmd,2026-03-19 12:10:18.67264+00
N4,0.8,llmd,2026-03-19 12:10:18.674823+00
N4,0.8,llmd,2026-03-19 12:20:16.131267+00
N2,0.8,llmd,2026-03-19 12:20:24.963561+00
N4,0.7,llmd,2026-03-19 12:20:24.96743+00
N1,0.8,llmd,2026-03-19 13:00:04.723208+00
N5,0.7,llmd,2026-03-19 13:10:26.425522+00
N5,0.8,llmd,2026-03-19 14:00:07.89297+00
N1,0.7,llmd,2026-03-19 14:00:26.40298+00
N2,0.7,llmd,2026-03-19 14:00:26.40527+00
N1,0.8,llmd,2026-03-19 14:00:31.867406+00
N1,0.8,llmd,2026-03-19 15:00:04.777138+00
N4,0.75,llmd,2026-03-19 15:00:09.034658+00
N5,0.8,llmd,2026-03-19 15:20:07.6568+00
N5,0.75,llmd,2026-03-19 16:30:03.984864+00
N5,0.7,llmd,2026-03-19 16:30:30.793124+00
N1,0.8,llmd,2026-03-19 17:00:03.902708+00
N4,0.7,llmd,2026-03-19 17:00:03.907523+00
N2,0.8,llmd,2026-03-19 17:20:38.110178+00
N5,0.7,llmd,2026-03-19 17:30:05.039839+00
N5,0.7,llmd,2026-03-19 17:30:05.042355+00
N4,0.7,llmd,2026-03-19 17:30:05.043787+00
N5,0.75,llmd,2026-03-19 18:00:24.527714+00
N2,0.7,llmd,2026-03-19 18:00:24.534629+00
N5,0.75,llmd,2026-03-19 18:30:04.160954+00
N1,0.9,llmd,2026-03-19 19:30:04.299351+00
N1,0.8,llmd,2026-03-19 19:30:04.302416+00
N5,0.7,llmd,2026-03-19 19:30:18.970293+00
N1,0.75,llmd,2026-03-19 19:30:18.97327+00
N1,0.8,llmd,2026-03-19 20:00:04.694492+00
N5,0.8,llmd,2026-03-19 20:00:15.31262+00
N5,0.7,llmd,2026-03-19 20:00:22.94658+00
N4,0.7,llmd,2026-03-19 20:10:07.839129+00
N4,0.8,llmd,2026-03-19 20:10:07.84241+00
N1,0.75,llmd,2026-03-19 20:10:18.91983+00
N5,0.7,llmd,2026-03-19 20:20:04.18969+00
N1,0.9,llmd,2026-03-19 20:30:05.132843+00
N4,0.7,llmd,2026-03-19 20:40:21.404937+00
N4,0.7,llmd,2026-03-20 01:40:26.333453+00
N4,0.75,llmd,2026-03-20 01:50:38.835559+00
N5,0.7,llmd,2026-03-20 05:20:33.307416+00
N2,0.7,llmd,2026-03-20 06:10:05.362247+00
N2,0.8,llmd,2026-03-20 06:10:05.365746+00
N2,0.8,llmd,2026-03-20 06:10:05.367875+00
N2,0.8,llmd,2026-03-20 06:10:05.371174+00
N1,0.8,llmd,2026-03-20 06:10:16.214142+00
N1,0.8,llmd,2026-03-20 06:10:20.035972+00
N1,0.8,llmd,2026-03-20 06:30:04.228282+00
N4,0.7,llmd,2026-03-20 07:20:31.476499+00
N5,0.75,llmd,2026-03-20 07:50:10.877639+00
N3,0.7,llmd,2026-03-20 08:00:05.750673+00
N4,0.7,llmd,2026-03-20 08:00:05.753346+00
N4,0.8,llmd,2026-03-20 08:00:09.67426+00
N5,0.7,llmd,2026-03-20 08:00:18.530041+00
N5,0.8,llmd,2026-03-20 08:00:18.537436+00
N1,0.8,llmd,2026-03-20 08:00:25.990337+00
N1,0.75,llmd,2026-03-20 08:00:30.351884+00
N4,0.7,llmd,2026-03-20 08:00:30.35381+00
N4,0.75,llmd,2026-03-20 08:10:18.684754+00
N1,0.8,llmd,2026-03-20 08:10:26.520042+00
N1,0.8,llmd,2026-03-20 08:30:25.17391+00
N4,0.7,llmd,2026-03-20 08:40:07.583117+00
N1,0.8,llmd,2026-03-20 09:00:04.276913+00
N1,0.8,llmd,2026-03-20 10:00:13.1616+00
N2,0.75,llmd,2026-03-20 10:00:17.066337+00
N1,0.7,llmd,2026-03-20 10:00:27.900758+00
N4,0.7,llmd,2026-03-20 10:10:04.458421+00
N5,0.7,llmd,2026-03-20 11:00:23.507757+00
N4,0.7,llmd,2026-03-20 11:30:29.445717+00
N4,0.7,llmd,2026-03-20 11:40:04.474672+00
N4,0.7,llmd,2026-03-20 11:50:19.355303+00
N4,0.7,llmd,2026-03-20 11:50:43.234963+00
N2,0.8,llmd,2026-03-20 11:51:01.214581+00
N1,0.8,llmd,2026-03-20 12:00:27.474656+00
N4,0.75,llmd,2026-03-20 12:00:27.477138+00
N4,0.8,llm,2026-03-12 23:27:36.531832+00
N4,0.85,llm,2026-03-12 23:27:36.540936+00
N2,0.88,llm,2026-03-12 23:27:36.552303+00
N2,0.75,llmd,2026-03-15 06:00:11.375634+00
N5,0.75,llmd,2026-03-15 06:20:48.37484+00
N3,0.75,llmd,2026-03-15 07:00:05.111952+00
N2,0.7,llmd,2026-03-17 08:40:53.371151+00
N3,0.75,llmd,2026-03-17 09:00:04.562751+00
N3,0.75,llmd,2026-03-17 09:00:04.566583+00
N4,0.7,llmd,2026-03-17 09:00:04.568497+00
N4,0.7,llmd,2026-03-18 12:40:29.138206+00
N2,0.8,llmd,2026-03-18 13:00:04.31724+00
N4,0.75,llmd,2026-03-18 13:00:08.145464+00
N4,0.75,llmd,2026-03-18 13:00:08.149222+00
N2,0.75,llmd,2026-03-18 15:31:05.398365+00
N4,0.8,llmd,2026-03-18 20:20:18.710357+00
N1,0.8,llmd,2026-03-18 20:30:15.596975+00
N5,0.7,llmd,2026-03-18 20:30:15.599925+00
N4,0.8,llmd,2026-03-19 10:30:04.713813+00
N4,0.7,llmd,2026-03-19 10:40:08.765627+00
N1,0.8,llm,2026-03-12 23:27:47.607081+00
N1,0.85,llm,2026-03-12 23:27:47.609348+00
N4,0.7,llmd,2026-03-19 12:01:00.557198+00
N1,0.7,llmd,2026-03-19 14:11:25.830971+00
N4,0.7,llmd,2026-03-19 14:11:25.841055+00
N2,0.8,llmd,2026-03-19 14:20:12.296378+00
N2,0.8,llmd,2026-03-19 14:20:12.298263+00
N2,0.8,llmd,2026-03-19 14:20:12.299962+00
N4,0.8,llmd,2026-03-19 14:20:20.406898+00
N2,0.7,llmd,2026-03-19 14:30:31.15229+00
N4,0.8,llmd,2026-03-19 15:00:52.948434+00
N4,0.8,llmd,2026-03-19 15:00:52.951122+00
N5,0.7,llmd,2026-03-19 16:40:49.24778+00
N1,0.8,llmd,2026-03-19 16:50:04.107497+00
N4,0.7,llmd,2026-03-19 18:00:36.675816+00
N1,0.7,llmd,2026-03-19 18:00:36.680494+00
N1,0.7,llmd,2026-03-19 18:10:11.708271+00
N5,0.8,llmd,2026-03-19 18:10:27.120035+00
N4,0.7,llmd,2026-03-19 18:20:14.902373+00
N4,0.7,llmd,2026-03-19 18:20:14.905367+00
N5,0.7,llmd,2026-03-19 18:20:26.114109+00
N1,0.7,llmd,2026-03-19 18:20:32.947243+00
N2,0.7,llmd,2026-03-19 18:40:04.462684+00
N2,0.7,llmd,2026-03-19 18:50:04.442614+00
N2,0.7,llmd,2026-03-19 18:50:04.450345+00
N5,0.7,llmd,2026-03-19 18:50:11.606846+00
N4,0.75,llm,2026-03-12 23:48:37.448675+00
N5,0.7,llmd,2026-03-20 01:50:23.256678+00
N5,0.75,llmd,2026-03-20 05:30:03.461331+00
N4,0.7,llmd,2026-03-20 06:30:04.230741+00
N3,0.75,llmd,2026-03-20 09:30:04.566639+00
N2,0.75,llm,2026-03-12 23:48:55.922008+00
N4,0.8,llmd,2026-03-20 09:30:04.572206+00
N5,0.75,llmd,2026-03-20 09:50:30.892255+00
N1,0.8,llmd,2026-03-20 10:30:04.73698+00
N2,0.7,llmd,2026-03-20 10:30:04.740908+00
N2,0.8,llmd,2026-03-20 10:40:10.984012+00
N5,0.7,llmd,2026-03-20 10:50:38.696482+00
N1,0.75,llm:pipeline,2026-03-20 11:40:02.954938+00
N3,0.7,llm:pipeline,2026-03-20 11:40:02.959775+00
N4,0.75,llm:pipeline,2026-03-20 11:40:04.110111+00
N1,0.8,llm:pipeline,2026-03-20 12:00:01.724537+00
N4,0.75,llm:pipeline,2026-03-20 12:00:01.730936+00
N2,0.8,llm:pipeline,2026-03-20 12:00:02.974509+00
N1,0.8,llm,2026-03-12 23:49:53.270684+00
N1,0.75,llm,2026-03-12 23:49:53.2748+00
N4,0.75,llm:pipeline,2026-03-20 12:10:02.23009+00
N5,0.75,llm:pipeline,2026-03-20 14:10:02.872528+00
N5,0.75,llm:pipeline,2026-03-20 14:10:04.506621+00
N1,0.8,llm,2026-03-12 23:50:12.742578+00
N1,0.8,llm,2026-03-12 23:50:30.941284+00
N2,0.8,llm,2026-03-12 23:52:12.927091+00
N1,0.8,llm,2026-03-12 23:28:03.889127+00
N4,0.75,llmd,2026-03-15 07:20:06.706124+00
N1,0.8,llmd,2026-03-15 07:20:06.71281+00
N4,0.75,llmd,2026-03-15 07:41:10.132798+00
N5,0.75,llmd,2026-03-15 08:00:59.66464+00
N4,0.75,llmd,2026-03-15 08:01:00.661911+00
N4,0.75,llmd,2026-03-15 08:01:03.700895+00
N1,0.7,llmd,2026-03-17 09:30:27.164308+00
N4,0.7,llmd,2026-03-18 15:40:03.949907+00
N5,0.75,llmd,2026-03-18 15:40:29.520632+00
N5,0.7,llmd,2026-03-18 15:50:08.384758+00
N1,0.8,llmd,2026-03-18 16:00:45.233488+00
N1,0.8,llmd,2026-03-18 16:00:45.235498+00
N5,0.8,llm,2026-03-12 23:47:08.187755+00
N1,0.7,llmd,2026-03-18 20:21:01.180526+00
N4,0.75,llm,2026-03-12 23:47:08.19228+00
N4,0.8,llmd,2026-03-19 11:00:03.696905+00
N1,0.9,llm,2026-03-12 23:47:18.847657+00
N5,0.85,llm,2026-03-12 23:47:18.850113+00
N3,0.75,llm,2026-03-12 23:47:18.85165+00
N1,0.7,llmd,2026-03-19 11:00:03.705803+00
N1,0.7,llmd,2026-03-19 12:30:04.619882+00
N2,0.7,llmd,2026-03-19 12:30:08.603167+00
N2,0.8,llmd,2026-03-19 12:40:23.184374+00
N2,0.8,llmd,2026-03-19 12:40:23.186499+00
N4,0.8,llmd,2026-03-19 12:50:05.200743+00
N4,0.75,llmd,2026-03-19 12:50:27.049235+00
N1,0.75,llmd,2026-03-19 15:11:07.227432+00
N4,0.7,llmd,2026-03-19 15:20:37.720847+00
N1,0.8,llmd,2026-03-19 15:30:25.869815+00
N4,0.75,llmd,2026-03-19 18:40:38.673559+00
N1,0.75,llm,2026-03-12 23:47:25.524326+00
N2,0.85,llm,2026-03-12 23:47:25.526674+00
N2,0.9,llm,2026-03-12 23:47:25.535307+00
N4,0.85,llm,2026-03-12 23:47:25.538975+00
N5,0.7,llmd,2026-03-20 02:10:09.813185+00
N1,0.8,llmd,2026-03-20 05:50:04.697309+00
N4,0.7,llmd,2026-03-20 05:50:04.701982+00
N2,0.8,llmd,2026-03-20 06:00:08.386802+00
N1,0.7,llmd,2026-03-20 06:00:08.397789+00
N2,0.8,llmd,2026-03-20 06:00:15.326082+00
N1,0.8,llmd,2026-03-20 06:00:18.466221+00
N5,0.7,llmd,2026-03-20 06:00:18.468225+00
N4,0.7,llmd,2026-03-20 06:40:13.294371+00
N1,0.7,llmd,2026-03-20 12:10:07.734544+00
N1,0.7,llmd,2026-03-20 12:10:07.739489+00
N1,0.7,llmd,2026-03-20 12:10:11.824183+00
N1,0.75,llmd,2026-03-20 12:10:29.141562+00
N1,0.75,llmd,2026-03-20 12:10:29.146133+00
N4,0.7,llmd,2026-03-20 12:20:19.536897+00
N4,0.7,llmd,2026-03-20 12:20:19.539554+00
N1,0.75,llm:pipeline,2026-03-20 18:10:02.974684+00
N1,0.75,llm:pipeline,2026-03-20 21:50:02.462051+00
N2,0.75,llm:pipeline,2026-03-21 12:00:03.079567+00
N5,0.8,llm,2026-03-12 21:54:40.13564+00
N4,0.75,llm,2026-03-12 21:54:40.142871+00
N4,0.8,llm,2026-03-12 21:54:40.146913+00
N5,0.75,llm:pipeline,2026-03-21 13:20:03.172879+00
N4,0.7,llm:pipeline,2026-03-21 14:10:01.651679+00
N1,0.8,llm:pipeline,2026-03-21 14:30:01.756373+00
eu_disunity_weakness,0.8,llm:pipeline:v2,2026-03-21 15:50:03.100776+00
sanctions_are_ineffective,0.8,llm:pipeline:v2,2026-03-21 15:50:05.402369+00
russia_superior,0.8,llm:pipeline:v2,2026-03-21 16:00:03.182669+00
ukraine_state_failure,0.8,llm:pipeline:v2,2026-03-21 16:10:02.204324+00
eu_weakness_disunity,0.75,llm:pipeline:v2,2026-03-21 16:10:02.208939+00
eu_energy_crisis,0.8,llm:pipeline:v2,2026-03-21 16:10:02.213879+00
ukraine_nazism_terrorism,0.8,llm:pipeline:v2,2026-03-21 16:10:02.215302+00
ukraine_state_failure,0.8,llm:pipeline:v2,2026-03-21 16:10:03.763869+00
eu_sanctions_harm_eu,0.8,llm:pipeline:v2,2026-03-21 16:10:05.116992+00
eu_energy_crisis,0.8,llm:pipeline:v2,2026-03-21 16:10:06.130003+00
N1,0.8,llm,2026-03-12 23:47:38.35135+00
N5,0.75,llm,2026-03-12 23:47:38.355517+00
N2,0.85,llm,2026-03-12 23:47:38.357185+00
N2,0.8,llm,2026-03-12 23:47:38.369433+00
N3,0.75,llm,2026-03-12 23:47:38.377986+00
N5,0.8,llm,2026-03-12 23:47:42.929585+00
N4,0.75,llmd,2026-03-15 08:21:04.893786+00
N1,0.75,llmd,2026-03-17 10:00:13.304319+00
N4,0.75,llm,2026-03-12 21:54:58.113239+00
N1,0.7,llmd,2026-03-17 10:00:17.361849+00
N2,0.75,llmd,2026-03-18 15:41:04.941399+00
N1,0.7,llmd,2026-03-18 16:00:11.237767+00
N5,0.8,llmd,2026-03-18 16:00:30.892493+00
N4,0.75,llmd,2026-03-19 15:40:05.095281+00
N4,0.8,llmd,2026-03-19 15:40:05.103008+00
N1,0.8,llmd,2026-03-19 15:40:05.104965+00
N2,0.75,llmd,2026-03-19 15:40:05.107468+00
N5,0.7,llmd,2026-03-19 15:40:05.110892+00
N4,0.7,llmd,2026-03-19 15:50:05.561671+00
N5,0.7,llmd,2026-03-19 15:50:05.567601+00
N4,0.7,llmd,2026-03-19 15:50:16.598802+00
N4,0.7,llmd,2026-03-19 16:00:05.17971+00
N4,0.7,llmd,2026-03-19 16:00:09.208667+00
N3,0.7,llmd,2026-03-19 16:00:09.210658+00
N4,0.7,llmd,2026-03-19 16:00:12.977701+00
N1,0.8,llmd,2026-03-19 19:00:03.827274+00
N1,0.8,llmd,2026-03-19 19:00:03.82966+00
N5,0.7,llmd,2026-03-19 19:00:03.83708+00
N4,0.8,llmd,2026-03-19 19:10:58.046298+00
N5,0.7,llmd,2026-03-20 06:40:40.214382+00
N1,0.8,llmd,2026-03-20 12:10:57.598121+00
ukraine_failed_state,0.8,llm:pipeline:v2,2026-03-21 16:20:05.929182+00
N3,0.75,llm,2026-03-12 21:55:09.876198+00
N5,0.75,llmd,2026-03-15 09:40:24.586772+00
N5,0.7,llmd,2026-03-17 10:00:46.856953+00
N1,0.8,llmd,2026-03-18 16:10:12.838042+00
N4,0.7,llmd,2026-03-18 16:10:22.135831+00
N1,0.75,llmd,2026-03-18 16:10:30.057246+00
N4,0.7,llmd,2026-03-19 16:00:38.655449+00
N1,0.8,llmd,2026-03-19 16:10:04.95366+00
N1,0.8,llmd,2026-03-19 16:20:12.963655+00
N4,0.7,llmd,2026-03-20 12:30:05.699221+00
N4,0.7,llmd,2026-03-20 12:30:05.708741+00
N4,0.75,llmd,2026-03-20 12:30:20.726957+00
N4,0.75,llmd,2026-03-20 12:30:20.729298+00
N4,0.75,llm,2026-03-12 21:55:22.973849+00
N2,0.75,llm,2026-03-12 21:55:22.977275+00
N2,0.75,llm,2026-03-12 21:55:33.745627+00
N4,0.8,llm,2026-03-12 21:55:33.748086+00
N1,0.8,llm,2026-03-12 21:55:43.232738+00
N5,0.75,llmd,2026-03-15 11:01:09.924046+00
N4,0.8,llmd,2026-03-17 10:10:11.708556+00
N2,0.7,llmd,2026-03-17 10:10:23.716475+00
N2,0.7,llmd,2026-03-18 16:10:45.429108+00
N1,0.8,llmd,2026-03-18 16:10:45.451381+00
N4,0.7,llmd,2026-03-18 16:11:00.283204+00
N5,0.7,llmd,2026-03-18 16:30:05.450823+00
N4,0.75,llm,2026-03-12 21:55:52.865182+00
N5,0.7,llmd,2026-03-18 16:30:05.457425+00
N5,0.7,llmd,2026-03-18 16:30:09.672126+00
N1,0.75,llmd,2026-03-18 16:30:22.997084+00
N4,0.7,llmd,2026-03-20 12:30:53.643734+00
N1,0.75,llm,2026-03-12 21:55:57.474531+00
N1,0.8,llm,2026-03-12 21:55:57.477021+00
N2,0.75,llm,2026-03-12 23:47:55.117187+00
N2,0.85,llm,2026-03-12 23:49:12.822865+00
N4,0.75,llmd,2026-03-15 11:40:05.980799+00
N5,0.8,llm,2026-03-12 23:42:01.290794+00
N3,0.72,llmd,2026-03-15 11:40:05.984373+00
N5,0.7,llmd,2026-03-15 11:40:05.986087+00
N5,0.71,llmd,2026-03-15 11:40:05.987382+00
N4,0.7,llmd,2026-03-17 10:20:24.003701+00
N4,0.75,llmd,2026-03-17 10:30:03.934087+00
N5,0.75,llmd,2026-03-17 10:40:08.200131+00
N5,0.75,llmd,2026-03-17 10:40:08.204986+00
N4,0.7,llmd,2026-03-18 16:50:04.148412+00
N5,0.7,llmd,2026-03-18 16:50:04.152518+00
N2,0.8,llmd,2026-03-18 16:50:15.186153+00
N1,0.8,llmd,2026-03-18 17:00:05.161379+00
N1,0.8,llmd,2026-03-18 17:00:25.21837+00
N4,0.8,llmd,2026-03-20 12:40:04.815458+00
N4,0.75,llm,2026-03-13 00:40:04.812129+00
N1,0.75,llm,2026-03-12 23:42:01.36545+00
N5,0.85,llm,2026-03-12 23:42:01.370888+00
N4,0.8,llm,2026-03-12 23:42:01.373016+00
N2,0.75,llmd,2026-03-15 12:40:08.489944+00
N2,0.8,llmd,2026-03-15 12:40:08.496199+00
N1,0.8,llmd,2026-03-17 11:00:03.5024+00
N4,0.8,llmd,2026-03-17 11:10:03.754922+00
N4,0.8,llmd,2026-03-17 11:10:03.757051+00
N4,0.7,llmd,2026-03-17 11:10:16.01242+00
N4,0.8,llmd,2026-03-18 17:10:09.005586+00
N2,0.8,llmd,2026-03-18 17:10:13.071585+00
N3,0.7,llmd,2026-03-18 17:30:04.834469+00
N3,0.7,llmd,2026-03-18 17:30:04.837477+00
N5,0.7,llmd,2026-03-18 17:30:04.839028+00
N1,0.7,llmd,2026-03-18 17:30:23.697191+00
N1,0.8,llm,2026-03-13 00:20:03.671463+00
N5,0.75,llmd,2026-03-15 13:00:55.148664+00
N1,0.8,llmd,2026-03-17 11:10:46.421037+00
N4,0.75,llmd,2026-03-15 13:20:04.704341+00
N4,0.8,llmd,2026-03-17 11:20:03.77368+00
N5,0.8,llmd,2026-03-17 11:21:16.666326+00
N5,0.7,llmd,2026-03-17 11:21:16.668838+00
N4,0.7,llmd,2026-03-17 11:30:35.331957+00
N2,0.8,llm,2026-03-12 23:42:17.375848+00
N4,0.85,llm,2026-03-12 23:42:17.384876+00
N1,0.8,llm,2026-03-12 23:42:27.583128+00
N4,0.75,llm,2026-03-12 23:42:27.584924+00
N2,0.8,llm,2026-03-12 23:42:27.589793+00
N5,0.8,llm,2026-03-14 10:40:03.953643+00
N3,0.8,llm,2026-03-12 23:42:22.516192+00
N4,0.75,llmd,2026-03-15 14:01:22.635676+00
N1,0.8,llmd,2026-03-17 11:30:04.928854+00
N4,0.7,llmd,2026-03-17 11:30:04.935749+00
N5,0.7,llmd,2026-03-17 11:30:04.943646+00
N2,0.7,llmd,2026-03-17 11:40:12.81065+00
N4,0.7,llmd,2026-03-17 11:50:15.143763+00
N1,0.7,llmd,2026-03-17 11:50:24.788085+00
N4,0.75,llm,2026-03-12 22:00:22.382496+00
N4,0.8,llm,2026-03-12 22:00:22.38652+00
N5,0.75,llm,2026-03-12 22:31:53.311934+00
N5,0.75,llm,2026-03-12 22:31:53.41226+00
N5,0.75,llm,2026-03-12 22:31:53.549902+00
N5,0.75,llm,2026-03-12 22:31:53.6207+00
N5,0.75,llm,2026-03-12 22:31:53.715119+00
N5,0.75,llm,2026-03-12 22:31:53.850667+00
N1,0.8,llmd,2026-03-15 15:40:58.70433+00
N5,0.75,llmd,2026-03-17 11:50:49.207085+00
N4,0.75,llmd,2026-03-17 12:00:07.828655+00
N4,0.8,llmd,2026-03-17 12:00:12.093798+00
N2,0.75,llm,2026-03-12 22:33:00.568035+00
N2,0.75,llm,2026-03-12 22:33:00.635544+00
N4,0.8,llmd,2026-03-17 12:00:16.001585+00
N2,0.7,llmd,2026-03-17 12:10:15.024284+00
N5,0.7,llmd,2026-03-17 12:10:30.943168+00
N1,0.8,llm,2026-03-12 23:42:42.442803+00
N4,0.8,llm,2026-03-12 23:42:42.462774+00
N1,0.85,llm,2026-03-12 23:42:54.281419+00
N3,0.75,llm,2026-03-12 23:43:00.507976+00
N4,0.75,llm,2026-03-12 23:43:05.821929+00
N4,0.8,llm,2026-03-13 00:00:05.00815+00
N4,0.85,llm,2026-03-13 00:00:05.020045+00
N1,0.85,llm,2026-03-13 00:20:10.324049+00
N5,0.8,llm,2026-03-13 00:20:10.332635+00
N2,0.75,llm,2026-03-13 00:20:10.337242+00
N1,0.8,llm,2026-03-13 00:40:04.832517+00
N2,0.75,llm,2026-03-12 23:43:22.696583+00
N3,0.72,llmd,2026-03-15 16:20:07.896188+00
N3,0.71,llmd,2026-03-15 16:20:07.900502+00
N4,0.75,llmd,2026-03-15 16:20:07.902111+00
N5,0.73,llmd,2026-03-15 16:20:07.90373+00
N5,0.8,llmd,2026-03-17 12:00:34.768742+00
N2,0.8,llm,2026-03-12 23:43:52.260338+00
N4,0.75,llmd,2026-03-17 12:00:34.774394+00
N1,0.75,llmd,2026-03-17 12:00:46.067542+00
N5,0.7,llmd,2026-03-17 12:10:34.44574+00
N1,0.7,llmd,2026-03-17 12:20:38.378605+00
N4,0.75,llm,2026-03-12 23:43:58.009595+00
N3,0.8,llm,2026-03-12 23:43:58.011463+00
N2,0.75,llm,2026-03-13 00:00:09.414067+00
N2,0.8,llm,2026-03-13 00:00:09.419258+00
N3,0.8,llm,2026-03-13 00:00:16.079505+00
N4,0.75,llm,2026-03-13 00:00:16.082431+00
N4,0.75,llm,2026-03-13 00:00:22.042152+00
N1,0.8,llm,2026-03-13 00:00:22.046657+00
N4,0.8,llm,2026-03-13 00:00:22.049641+00
N1,0.75,llmd,2026-03-15 18:40:04.42097+00
N1,0.8,llmd,2026-03-15 18:40:04.423755+00
N5,0.75,llmd,2026-03-15 18:40:08.172641+00
N4,0.8,llm,2026-03-12 23:43:34.238462+00
N2,0.75,llm,2026-03-14 10:40:03.961492+00
N2,0.8,llm,2026-03-13 00:00:27.798349+00
N4,0.85,llm,2026-03-13 00:00:27.80073+00
N4,0.75,llmd,2026-03-15 18:40:14.203887+00
N4,0.75,llmd,2026-03-15 18:40:20.516139+00
N4,0.75,llmd,2026-03-15 18:40:29.517262+00
N4,0.8,llmd,2026-03-15 18:40:29.52003+00
N1,0.82,llmd,2026-03-15 18:40:29.521419+00
N4,0.7,llmd,2026-03-15 18:40:29.522968+00
N3,0.75,llmd,2026-03-15 18:40:32.162716+00
N1,0.7,llmd,2026-03-15 18:40:32.164229+00
N1,0.8,llmd,2026-03-15 18:40:37.754224+00
N1,0.8,llmd,2026-03-15 18:40:43.991351+00
N5,0.75,llmd,2026-03-15 18:40:43.992734+00
N2,0.75,llmd,2026-03-15 18:40:48.410139+00
N5,0.7,llmd,2026-03-15 18:40:48.418023+00
N1,0.8,llmd,2026-03-15 18:40:52.091279+00
N5,0.75,llmd,2026-03-15 18:40:52.097124+00
N4,0.7,llmd,2026-03-17 12:30:05.341019+00
N4,0.8,llmd,2026-03-17 12:30:05.345105+00
N3,0.7,llmd,2026-03-17 12:30:05.348454+00
N4,0.7,llmd,2026-03-17 12:30:05.351635+00
N2,0.7,llmd,2026-03-17 12:40:10.649136+00
N1,0.8,llm,2026-03-13 00:20:15.562142+00
N2,0.75,llm,2026-03-13 00:20:21.578941+00
N4,0.8,llm,2026-03-13 00:20:21.581032+00
N4,0.75,llmd,2026-03-15 18:40:55.476973+00
N4,0.75,llmd,2026-03-15 18:40:56.452403+00
N4,0.8,llmd,2026-03-15 18:40:56.460159+00
N4,0.75,llmd,2026-03-15 19:00:09.302867+00
N1,0.8,llmd,2026-03-15 19:00:09.306158+00
N4,0.75,llmd,2026-03-15 19:00:22.974447+00
N1,0.75,llmd,2026-03-15 19:00:30.749882+00
N4,0.75,llmd,2026-03-15 19:00:37.663569+00
N2,0.75,llmd,2026-03-17 12:50:51.422615+00
N5,0.75,llmd,2026-03-15 19:20:04.336489+00
N2,0.7,llmd,2026-03-15 19:20:04.33949+00
N1,0.75,llmd,2026-03-15 19:20:12.943437+00
N1,0.8,llmd,2026-03-15 19:20:26.578741+00
N4,0.75,llmd,2026-03-15 19:20:30.162367+00
N1,0.8,llmd,2026-03-17 13:30:05.487522+00
N4,0.7,llmd,2026-03-17 13:30:05.492586+00
N5,0.7,llmd,2026-03-17 13:30:05.504698+00
N3,0.8,llmd,2026-03-17 13:40:23.937765+00
N1,0.8,llm,2026-03-12 23:18:30.476636+00
N5,0.75,llm,2026-03-12 23:18:30.481423+00
N1,0.85,llm,2026-03-12 23:18:30.485216+00
N4,0.75,llm,2026-03-12 23:18:36.683586+00
N2,0.8,llm,2026-03-12 23:18:36.68868+00
N1,0.8,llm,2026-03-12 23:18:42.74761+00
N1,0.75,llmd,2026-03-15 19:40:26.754682+00
N1,0.8,llmd,2026-03-15 19:40:30.083862+00
N2,0.75,llmd,2026-03-15 19:40:43.788289+00
N4,0.75,llmd,2026-03-15 19:40:47.168598+00
N3,0.75,llmd,2026-03-15 20:01:54.906931+00
N4,0.8,llmd,2026-03-17 13:51:59.971434+00
N4,0.8,llmd,2026-03-17 14:00:07.284511+00
N1,0.9,llmd,2026-03-17 14:00:07.286658+00
N5,0.7,llmd,2026-03-17 14:00:10.963329+00
N2,0.7,llmd,2026-03-17 14:10:04.813557+00
N2,0.7,llmd,2026-03-17 14:10:04.816698+00
N1,0.7,llmd,2026-03-17 14:20:15.874062+00
N1,0.7,llmd,2026-03-17 14:20:34.19722+00
N2,0.8,llm,2026-03-13 00:20:27.859414+00
N4,0.75,llm,2026-03-13 00:20:27.862419+00
N1,0.8,llm,2026-03-13 00:20:33.123516+00
N4,0.8,llm,2026-03-13 00:20:39.422766+00
N4,0.75,llmd,2026-03-17 14:01:04.624529+00
N1,0.7,llmd,2026-03-17 14:01:17.096624+00
N1,0.8,llmd,2026-03-17 14:10:39.862203+00
N1,0.8,llmd,2026-03-17 14:10:39.866735+00
N1,0.75,llmd,2026-03-17 14:10:47.331142+00
N2,0.8,llm,2026-03-12 23:44:30.802291+00
N2,0.8,llmd,2026-03-17 14:30:05.253635+00
N3,0.7,llmd,2026-03-17 14:30:05.256558+00
N3,0.75,llm,2026-03-12 23:45:11.764684+00
N4,0.75,llm,2026-03-12 23:45:24.710683+00
N5,0.8,llm,2026-03-12 23:46:01.057286+00
N3,0.8,llm,2026-03-12 23:46:07.982763+00
N1,0.85,llm,2026-03-12 23:46:07.9855+00
N4,0.75,llm,2026-03-12 23:46:07.987466+00
N3,0.75,llm,2026-03-12 23:46:12.896057+00
N1,0.8,llm,2026-03-12 23:46:12.90128+00
N2,0.85,llm,2026-03-12 23:46:12.904976+00
N4,0.75,llm,2026-03-12 23:46:12.914395+00
N5,0.75,llmd,2026-03-15 20:01:36.745791+00
N4,0.8,llmd,2026-03-15 20:01:36.756085+00
N4,0.75,llmd,2026-03-15 20:01:41.937157+00
N4,0.7,llmd,2026-03-17 14:31:05.400717+00
N1,0.8,llmd,2026-03-15 20:21:15.349231+00
N4,0.8,llmd,2026-03-17 15:00:04.205697+00
N1,0.7,llmd,2026-03-17 15:00:09.21906+00
N4,0.75,llm,2026-03-13 00:40:10.701313+00
N1,0.8,llm,2026-03-13 00:40:10.711208+00
N5,0.85,llm,2026-03-13 00:40:10.71481+00
N1,0.8,llm,2026-03-13 00:40:15.750302+00
N4,0.75,llm,2026-03-13 00:40:15.761895+00
N1,0.8,llm,2026-03-13 00:40:21.662789+00
N1,0.85,llm,2026-03-13 00:40:21.669166+00
N5,0.85,llm,2026-03-13 00:40:21.673825+00
N5,0.85,llm,2026-03-13 00:40:27.821825+00
N5,0.75,llmd,2026-03-15 20:40:51.885328+00
N5,0.75,llmd,2026-03-17 15:01:08.050893+00
N1,0.8,llm,2026-03-13 00:40:40.043757+00
N2,0.75,llm,2026-03-13 00:40:40.045895+00
N1,0.8,llmd,2026-03-15 21:42:03.571432+00
N4,0.8,llmd,2026-03-17 15:30:06.287456+00
N4,0.7,llmd,2026-03-17 15:30:06.290765+00
N1,0.75,llmd,2026-03-17 15:30:31.809223+00
N1,0.8,llmd,2026-03-17 15:40:27.308822+00
N4,0.7,llmd,2026-03-15 22:40:11.662646+00
N4,0.7,llmd,2026-03-17 16:00:40.122207+00
N4,0.8,llmd,2026-03-15 23:30:16.891077+00
N4,0.8,llmd,2026-03-15 23:30:22.528648+00
N5,0.8,llmd,2026-03-15 23:30:25.193649+00
N4,0.8,llmd,2026-03-15 23:30:25.195695+00
N1,0.7,llmd,2026-03-15 23:30:25.197748+00
N1,0.8,llmd,2026-03-15 23:30:35.944107+00
N5,0.75,llmd,2026-03-15 23:30:35.946763+00
N4,0.8,llmd,2026-03-15 23:30:39.800227+00
N1,0.7,llmd,2026-03-15 23:30:39.804172+00
N4,0.7,llmd,2026-03-15 23:30:39.80727+00
N4,0.8,llmd,2026-03-15 23:30:43.418771+00
N5,0.7,llmd,2026-03-15 23:30:43.422127+00
N5,0.75,llmd,2026-03-15 23:30:43.424784+00
N5,0.7,llmd,2026-03-15 23:30:43.426539+00
N4,0.7,llmd,2026-03-17 16:22:04.65268+00
N2,0.8,llm,2026-03-13 01:00:21.708885+00
N5,0.8,llm,2026-03-13 01:00:33.849839+00
N2,0.8,llmd,2026-03-15 23:40:18.393423+00
N5,0.8,llmd,2026-03-15 23:40:26.791895+00
N3,0.8,llmd,2026-03-15 23:50:45.5202+00
N4,0.7,llmd,2026-03-17 16:30:05.754888+00
N4,0.7,llmd,2026-03-17 16:30:16.604829+00
N5,0.8,llmd,2026-03-17 16:51:09.946257+00
N4,0.7,llmd,2026-03-15 23:50:08.619168+00
N5,0.75,llmd,2026-03-17 16:41:05.774264+00
N5,0.7,llmd,2026-03-17 16:50:04.365284+00
N4,0.7,llmd,2026-03-17 16:50:04.370792+00
N4,0.8,llmd,2026-03-17 16:51:42.440807+00
N1,0.9,llmd,2026-03-16 00:26:52.913697+00
N5,0.8,llmd,2026-03-16 00:26:52.918612+00
N4,0.8,llmd,2026-03-16 00:27:07.438418+00
N5,0.8,llmd,2026-03-17 17:01:46.700704+00
N1,0.8,llmd,2026-03-17 17:30:05.572316+00
N4,0.7,llmd,2026-03-17 17:30:05.57537+00
N1,0.8,llmd,2026-03-17 17:30:05.57808+00
N4,0.75,llmd,2026-03-17 17:30:32.920684+00
N1,0.8,llm,2026-03-13 01:20:45.295885+00
N1,0.8,llm,2026-03-13 01:20:45.298855+00
N2,0.75,llmd,2026-03-16 00:27:17.068508+00
N2,0.8,llmd,2026-03-17 17:31:18.53325+00
N3,0.75,llm,2026-03-13 01:40:04.812572+00
N2,0.8,llm,2026-03-13 01:40:04.817473+00
N4,0.8,llmd,2026-03-16 03:00:28.211436+00
N1,0.8,llmd,2026-03-17 18:00:04.205497+00
N1,0.7,llmd,2026-03-17 18:00:10.011769+00
N2,0.7,llmd,2026-03-17 18:00:18.237325+00
N4,0.75,llm,2026-03-13 01:40:21.275105+00
N2,0.8,llm,2026-03-13 01:40:27.372773+00
N2,0.85,llm,2026-03-13 02:20:09.866328+00
N4,0.7,llmd,2026-03-16 03:50:30.305864+00
N4,0.8,llmd,2026-03-17 18:30:04.315023+00
N5,0.7,llmd,2026-03-17 18:30:04.328514+00
N2,0.8,llmd,2026-03-17 18:30:18.847064+00
N1,0.9,llmd,2026-03-16 05:50:04.474525+00
N4,0.75,llmd,2026-03-16 05:50:04.476875+00
N1,0.8,llmd,2026-03-17 19:00:08.926563+00
N4,0.7,llmd,2026-03-17 19:00:16.705294+00
N2,0.9,llmd,2026-03-16 06:20:09.772649+00
N4,0.8,llmd,2026-03-16 06:30:04.446799+00
N2,0.8,llmd,2026-03-17 19:20:22.938734+00
N1,0.8,llmd,2026-03-17 19:30:04.789591+00
N2,0.7,llmd,2026-03-17 19:30:04.793592+00
N5,0.75,llmd,2026-03-16 06:20:13.203951+00
N4,0.7,llmd,2026-03-16 06:20:13.210335+00
N5,0.7,llmd,2026-03-16 06:20:13.215366+00
N2,0.75,llmd,2026-03-17 19:50:25.416607+00
N1,0.7,llmd,2026-03-17 20:00:11.541962+00
N4,0.8,llmd,2026-03-17 20:00:22.590966+00
N1,0.75,llmd,2026-03-16 06:50:11.941051+00
N1,0.8,llmd,2026-03-16 07:00:10.285345+00
N4,0.8,llmd,2026-03-17 20:00:59.32781+00
N2,0.85,llm,2026-03-13 03:20:27.991072+00
N1,0.8,llmd,2026-03-16 07:30:04.784154+00
N4,0.7,llmd,2026-03-17 20:10:11.954962+00
N4,0.7,llmd,2026-03-17 20:10:11.963291+00
N3,0.7,llmd,2026-03-17 20:20:19.893775+00
N2,0.7,llmd,2026-03-17 20:20:27.203437+00
N5,0.8,llm,2026-03-13 03:20:37.502409+00
N1,0.85,llm,2026-03-13 03:20:37.504419+00
N1,0.82,llm,2026-03-13 03:40:03.833448+00
N5,0.8,llmd,2026-03-16 07:40:20.124405+00
N4,0.7,llmd,2026-03-17 20:30:51.439301+00
N2,0.8,llm,2026-03-13 02:00:21.242722+00
N1,0.9,llm,2026-03-13 02:00:21.259867+00
N4,0.75,llmd,2026-03-16 08:00:03.242943+00
N1,0.8,llmd,2026-03-16 08:00:03.245858+00
N5,0.7,llmd,2026-03-16 08:00:03.249631+00
N4,0.7,llmd,2026-03-17 20:40:04.718578+00
N4,0.7,llmd,2026-03-17 20:50:07.465981+00
N2,0.8,llm,2026-03-13 02:20:03.526066+00
N5,0.85,llm,2026-03-13 02:20:03.529795+00
N2,0.75,llm,2026-03-13 02:20:03.53175+00
N2,0.8,llm,2026-03-13 02:20:09.863249+00
N4,0.8,llmd,2026-03-16 08:20:14.388724+00
N1,0.8,llmd,2026-03-16 08:30:04.595826+00
N2,0.75,llm,2026-03-13 02:40:03.513386+00
N2,0.7,llmd,2026-03-16 08:30:07.808104+00
N4,0.7,llmd,2026-03-17 20:41:00.471513+00
N1,0.75,llm,2026-03-13 02:20:09.878374+00
N5,0.7,llmd,2026-03-16 09:20:40.095111+00
N5,0.75,llmd,2026-03-17 21:10:07.634359+00
N2,0.7,llmd,2026-03-17 21:30:18.1218+00
N4,0.8,llm,2026-03-13 02:20:16.57075+00
N4,0.75,llm,2026-03-13 02:20:16.578684+00
N5,0.8,llm,2026-03-14 10:40:03.964779+00
N2,0.8,llm,2026-03-13 02:20:21.369312+00
N2,0.85,llm,2026-03-13 02:20:21.372112+00
N4,0.75,llm,2026-03-13 02:20:33.521054+00
N4,0.8,llm,2026-03-13 02:20:33.522864+00
N2,0.75,llm,2026-03-13 02:20:39.721279+00
N5,0.8,llm,2026-03-13 02:20:39.72725+00
N4,0.7,llmd,2026-03-16 09:30:04.691459+00
N5,0.85,llm,2026-03-13 02:20:39.738394+00
N2,0.8,llmd,2026-03-16 09:30:04.693921+00
N5,0.7,llmd,2026-03-16 09:30:04.695207+00
N4,0.7,llmd,2026-03-16 09:50:22.525632+00
N2,0.75,llmd,2026-03-17 22:00:07.081682+00
N2,0.75,llmd,2026-03-17 22:00:07.104374+00
N4,0.8,llmd,2026-03-16 10:00:04.551932+00
N4,0.8,llmd,2026-03-16 10:20:25.41471+00
N1,0.75,llmd,2026-03-17 22:10:03.963945+00
N4,0.7,llmd,2026-03-17 22:10:06.666455+00
N2,0.7,llmd,2026-03-17 22:20:19.493691+00
N4,0.7,llmd,2026-03-17 22:30:07.842637+00
N4,0.7,llmd,2026-03-17 22:30:28.153623+00
N4,0.8,llmd,2026-03-16 11:00:04.366811+00
N1,0.7,llmd,2026-03-16 11:00:04.37159+00
N5,0.7,llmd,2026-03-17 22:40:23.807076+00
N2,0.8,llm,2026-03-13 02:40:07.976668+00
N2,0.7,llmd,2026-03-16 11:10:35.772605+00
N4,0.75,llmd,2026-03-16 11:10:48.576381+00
N4,0.75,llmd,2026-03-16 11:30:29.162123+00
N4,0.8,llmd,2026-03-17 23:00:10.653093+00
N4,0.7,llmd,2026-03-17 23:10:08.748798+00
N2,0.8,llm,2026-03-13 02:40:15.338327+00
N5,0.9,llm,2026-03-13 02:40:15.342089+00
N4,0.75,llm,2026-03-13 02:40:21.911813+00
N2,0.8,llm,2026-03-13 02:40:21.914435+00
N5,0.85,llm,2026-03-13 02:40:21.916374+00
N1,0.7,llmd,2026-03-16 11:20:16.712866+00
N2,0.75,llmd,2026-03-16 11:20:24.229522+00
N4,0.7,llmd,2026-03-16 11:30:16.80717+00
N4,0.7,llmd,2026-03-16 11:50:34.164174+00
N4,0.8,llm,2026-03-13 03:20:03.853803+00
N4,0.75,llm,2026-03-13 03:20:03.856923+00
N4,0.8,llm,2026-03-13 03:20:03.859568+00
N2,0.8,llm,2026-03-13 03:00:09.91329+00
N1,0.9,llm,2026-03-13 03:00:09.915393+00
N5,0.85,llm,2026-03-13 03:00:09.918381+00
N1,0.8,llmd,2026-03-16 12:00:04.344892+00
N4,0.7,llmd,2026-03-16 12:00:04.34848+00
N5,0.75,llmd,2026-03-16 12:00:11.637454+00
N5,0.75,llm,2026-03-13 03:00:15.439516+00
N3,0.8,llm,2026-03-13 03:00:15.44172+00
N4,0.8,llm,2026-03-13 03:00:27.608077+00
N4,0.8,llmd,2026-03-16 12:20:04.539405+00
N4,0.8,llmd,2026-03-16 12:20:12.130129+00
N1,0.95,llmd,2026-03-16 12:30:05.515549+00
N4,0.8,llmd,2026-03-16 12:30:05.518576+00
N1,0.9,llmd,2026-03-16 12:30:05.52126+00
N2,0.8,llmd,2026-03-16 12:30:11.851012+00
N1,0.7,llmd,2026-03-16 12:20:28.800912+00
N4,0.7,llmd,2026-03-16 12:20:58.364212+00
N4,0.8,llmd,2026-03-16 12:21:07.544737+00
N2,0.8,llmd,2026-03-16 12:30:28.722207+00
N2,0.75,llmd,2026-03-16 12:40:28.310499+00
N4,0.7,llmd,2026-03-16 12:40:33.009449+00
N4,0.8,llmd,2026-03-16 12:50:28.049512+00
N4,0.7,llmd,2026-03-16 13:00:43.338981+00
N2,0.8,llm,2026-03-13 03:40:09.402962+00
N4,0.8,llm,2026-03-13 03:40:09.410325+00
N4,0.7,llmd,2026-03-16 12:50:19.787236+00
N4,0.75,llm,2026-03-13 03:40:03.837609+00
N4,0.72,llm,2026-03-13 03:40:03.839367+00
N5,0.8,llm,2026-03-13 03:40:03.84097+00
N5,0.75,llmd,2026-03-16 12:50:23.594159+00
N4,0.8,llmd,2026-03-16 13:00:04.020015+00
N4,0.7,llmd,2026-03-16 13:10:23.219342+00
N4,0.7,llmd,2026-03-16 13:30:05.168362+00
N2,0.8,llmd,2026-03-16 13:30:05.169869+00
N2,0.8,llm,2026-03-13 03:40:33.382806+00
N2,0.7,llmd,2026-03-16 13:40:03.719204+00
N4,0.8,llmd,2026-03-16 13:50:03.3587+00
N4,0.7,llmd,2026-03-16 14:10:04.480843+00
N4,0.7,llmd,2026-03-16 14:11:29.67475+00
N1,0.8,llmd,2026-03-16 14:30:04.034473+00
N4,0.7,llmd,2026-03-16 14:30:04.037645+00
N4,0.8,llmd,2026-03-16 14:30:07.135595+00
N4,0.7,llmd,2026-03-16 14:30:32.088018+00
N3,0.75,llm,2026-03-13 04:00:03.26002+00
N2,0.75,llm,2026-03-14 06:40:09.443654+00
N1,0.8,llm,2026-03-14 06:40:09.446545+00
N5,0.75,llm,2026-03-14 06:40:09.450605+00
N2,0.7,llmd,2026-03-16 14:40:21.539391+00
N4,0.7,llmd,2026-03-16 14:50:08.404433+00
N1,0.8,llmd,2026-03-16 15:00:04.303754+00
N5,0.7,llmd,2026-03-16 15:00:04.307726+00
N4,0.8,llmd,2026-03-16 15:00:57.8861+00
N4,0.8,llmd,2026-03-16 15:01:15.647027+00
N4,0.8,llmd,2026-03-16 15:01:15.649143+00
N1,0.8,llmd,2026-03-16 15:30:04.615887+00
N4,0.7,llmd,2026-03-16 15:30:04.619049+00
N5,0.8,llmd,2026-03-16 15:30:04.620757+00
N2,0.7,llmd,2026-03-16 15:30:58.488513+00
N1,0.7,llmd,2026-03-16 15:52:03.221031+00
N4,0.7,llmd,2026-03-16 16:00:04.46318+00
N2,0.8,llm,2026-03-13 06:40:03.600307+00
N1,0.8,llmd,2026-03-16 16:00:30.482272+00
N4,0.7,llmd,2026-03-16 16:00:30.486863+00
N1,0.75,llmd,2026-03-16 16:01:00.986658+00
N1,0.75,llmd,2026-03-16 16:01:00.989178+00
N2,0.8,llm,2026-03-13 04:15:34.545312+00
N2,0.75,llm,2026-03-13 04:15:52.226163+00
N5,0.8,llm,2026-03-13 04:15:58.703369+00
N2,0.75,llm,2026-03-13 04:15:58.705555+00
N4,0.8,llmd,2026-03-16 16:10:07.643618+00
N4,0.7,llmd,2026-03-16 16:10:07.647698+00
N2,0.85,llm,2026-03-13 04:20:04.003908+00
N1,0.8,llm,2026-03-13 04:20:04.008318+00
N1,0.75,llm,2026-03-13 04:20:04.017035+00
N2,0.8,llm,2026-03-13 04:20:15.561127+00
N2,0.8,llm,2026-03-13 04:20:15.564285+00
N2,0.8,llm,2026-03-13 04:20:21.5752+00
N2,0.85,llm,2026-03-13 04:20:21.579485+00
N1,0.9,llm,2026-03-13 04:20:21.590848+00
N5,0.85,llm,2026-03-13 04:20:21.594915+00
N2,0.85,llm,2026-03-13 04:20:29.201391+00
N3,0.8,llm,2026-03-13 04:20:29.20566+00
N2,0.75,llm,2026-03-13 04:20:29.207659+00
N2,0.8,llm,2026-03-13 04:20:29.209738+00
N5,0.75,llm,2026-03-13 04:20:29.217045+00
N4,0.8,llmd,2026-03-16 16:30:05.058259+00
N5,0.85,llm,2026-03-13 04:20:38.828626+00
N4,0.8,llm,2026-03-13 04:20:38.834816+00
N5,0.75,llm,2026-03-13 05:45:13.867403+00
N5,0.75,llm,2026-03-13 05:45:14.084014+00
N5,0.75,llm,2026-03-13 05:45:14.258511+00
N5,0.75,llm,2026-03-13 05:45:14.479126+00
N5,0.75,llm,2026-03-13 05:45:14.647882+00
N5,0.75,llm,2026-03-13 05:45:14.689161+00
N1,0.75,llm,2026-03-13 05:45:48.613319+00
N4,0.75,llmd,2026-03-16 17:00:04.911174+00
N4,0.75,llmd,2026-03-16 17:00:34.711448+00
N4,0.7,llmd,2026-03-16 17:01:08.204639+00
N4,0.7,llmd,2026-03-16 17:30:05.309158+00
N2,0.75,llm,2026-03-13 06:40:15.773424+00
N1,0.7,llmd,2026-03-16 18:00:04.465874+00
N1,0.7,llmd,2026-03-16 18:00:04.468825+00
N5,0.8,llmd,2026-03-16 18:00:07.372552+00
N1,0.75,llmd,2026-03-16 18:00:18.401104+00
N5,0.7,llmd,2026-03-16 18:10:03.805671+00
N5,0.8,llmd,2026-03-16 18:10:03.811449+00
N4,0.7,llmd,2026-03-16 18:10:03.813502+00
N4,0.75,llmd,2026-03-16 18:10:07.721215+00
N1,0.8,llm,2026-03-13 11:40:04.356872+00
N2,0.85,llm,2026-03-13 11:40:04.362973+00
N2,0.8,llm,2026-03-13 11:40:04.365979+00
N5,0.75,llm,2026-03-13 11:40:04.369733+00
N1,0.8,llm,2026-03-13 11:40:05.089322+00
N3,0.75,llm,2026-03-13 11:40:05.095142+00
N1,0.8,llm,2026-03-13 11:40:05.103842+00
N4,0.75,llm,2026-03-13 11:40:09.869176+00
N4,0.8,llm,2026-03-13 11:40:15.409465+00
N5,0.8,llmd,2026-03-16 18:30:04.959484+00
N1,0.8,llm,2026-03-13 11:40:21.680587+00
N4,0.75,llm,2026-03-13 11:40:21.68531+00
N1,0.9,llmd,2026-03-16 18:30:04.962733+00
N5,0.75,llm,2026-03-13 11:45:11.757535+00
N5,0.75,llm,2026-03-13 11:45:11.790778+00
N5,0.75,llm,2026-03-13 11:45:11.801982+00
N5,0.75,llm,2026-03-13 11:45:11.815679+00
N5,0.75,llm,2026-03-13 11:45:11.83063+00
N2,0.75,llm,2026-03-13 11:45:29.09179+00
N5,0.75,llm,2026-03-13 11:45:39.343475+00
N4,0.7,llmd,2026-03-16 18:30:40.648438+00
N4,0.8,llmd,2026-03-16 19:00:03.34968+00
N1,0.8,llm,2026-03-13 12:00:09.717831+00
N5,0.75,llm,2026-03-13 12:00:09.720279+00
N5,0.75,llm,2026-03-13 12:46:40.568543+00
N2,0.75,llm,2026-03-13 12:46:47.560393+00
N2,0.75,llm,2026-03-13 12:46:47.605109+00
N4,0.8,llm,2026-03-13 14:40:14.42464+00
N5,0.75,llm,2026-03-14 05:45:10.693706+00
N1,0.75,llm,2026-03-14 05:45:30.469725+00
N2,0.7,llmd,2026-03-16 19:20:35.413174+00
N1,0.8,llmd,2026-03-16 19:30:04.093666+00
N5,0.7,llmd,2026-03-16 19:30:04.099075+00
N5,0.85,llm,2026-03-13 14:40:03.403852+00
N2,0.8,llm,2026-03-13 14:40:03.416237+00
N1,0.75,llm,2026-03-13 14:40:03.421895+00
N2,0.8,llm,2026-03-14 02:40:02.458573+00
N5,0.7,llmd,2026-03-16 19:30:34.939817+00
N4,0.7,llmd,2026-03-16 19:40:35.526549+00
N2,0.85,llm,2026-03-14 02:40:02.461955+00
N2,0.75,llm,2026-03-14 03:40:02.439222+00
N5,0.85,llm,2026-03-14 03:40:02.451844+00
N2,0.75,llm,2026-03-14 06:40:03.976404+00
N4,0.8,llm,2026-03-14 06:40:03.978721+00
N4,0.8,llmd,2026-03-16 19:40:04.901208+00
N5,0.7,llmd,2026-03-16 19:40:04.903934+00
N4,0.8,llmd,2026-03-16 20:00:05.157664+00
N4,0.75,llm,2026-03-13 14:40:24.103834+00
N4,0.8,llm,2026-03-13 14:40:27.415037+00
N5,0.75,llm,2026-03-13 17:45:08.980433+00
N5,0.75,llm,2026-03-13 17:45:09.048652+00
N4,0.75,llm,2026-03-13 17:45:19.792404+00
N4,0.75,llm,2026-03-13 17:45:19.840847+00
N2,0.75,llm,2026-03-13 17:45:41.897913+00
N2,0.75,llm,2026-03-13 17:45:41.964134+00
N2,0.75,llm,2026-03-14 11:45:21.135024+00
N5,0.75,llm,2026-03-14 11:45:29.810839+00
N4,0.7,llmd,2026-03-16 20:10:58.762207+00
N2,0.7,llmd,2026-03-16 20:20:10.521859+00
N2,0.7,llmd,2026-03-16 20:30:37.773784+00
N5,0.7,llmd,2026-03-16 20:40:19.05022+00
N3,0.85,llm,2026-03-13 18:40:03.545349+00
N5,0.8,llm,2026-03-13 18:40:04.137368+00
N2,0.85,llm,2026-03-13 18:40:04.141105+00
N2,0.8,llm,2026-03-13 18:40:04.142956+00
N5,0.85,llm,2026-03-13 18:40:04.146417+00
N4,0.7,llmd,2026-03-16 20:41:00.45109+00
N2,0.75,llm,2026-03-13 18:40:09.681073+00
N1,0.85,llm,2026-03-13 18:40:09.692313+00
N5,0.9,llm,2026-03-13 18:40:09.699448+00
N5,0.85,llm,2026-03-14 14:40:02.596554+00
N4,0.7,llmd,2026-03-16 21:30:03.981725+00
N5,0.9,llm,2026-03-14 10:40:02.516358+00
N4,0.85,llm,2026-03-14 10:40:02.523254+00
N1,0.85,llm,2026-03-14 10:40:02.526157+00
N4,0.75,llm,2026-03-14 14:40:02.602574+00
N4,0.7,llmd,2026-03-16 22:00:14.328658+00
N4,0.8,llmd,2026-03-16 22:10:19.159066+00
N5,0.7,llmd,2026-03-16 23:00:07.634567+00
N5,0.8,llm,2026-03-14 14:40:07.60246+00
N4,0.8,llm,2026-03-14 14:40:02.606295+00
N3,0.75,llm,2026-03-14 14:40:02.612352+00
N2,0.7,llmd,2026-03-16 23:20:39.370063+00
N2,0.75,llmd,2026-03-17 00:00:48.438441+00
N2,0.8,llm,2026-03-14 14:40:20.626542+00
N5,0.75,llm,2026-03-14 17:45:13.4659+00
N5,0.75,llm,2026-03-14 17:45:13.544253+00
N5,0.75,llm,2026-03-14 17:45:13.620226+00
N5,0.75,llm,2026-03-14 17:45:13.697674+00
N5,0.75,llm,2026-03-14 17:45:13.780854+00
N5,0.75,llm,2026-03-14 17:45:13.858398+00
N2,0.75,llm,2026-03-14 17:45:43.84962+00
N4,0.7,llmd,2026-03-17 00:20:11.887364+00
N3,0.75,llm,2026-03-14 18:40:03.652532+00
N4,0.7,llmd,2026-03-17 00:50:15.696238+00
N1,0.8,llm,2026-03-14 18:40:04.552569+00
N4,0.7,llmd,2026-03-17 02:30:15.287881+00
N1,0.8,llm,2026-03-14 21:40:03.926112+00
N2,0.75,llm,2026-03-14 21:40:03.930366+00
N4,0.7,llm,2026-03-14 21:40:03.932422+00
N2,0.85,llm,2026-03-14 21:40:03.93546+00
N2,0.7,llmd,2026-03-17 03:50:08.092521+00
N2,0.7,llmd,2026-03-17 03:50:08.101796+00
N4,0.7,llmd,2026-03-17 03:50:41.819474+00
N2,0.8,llmd,2026-03-17 04:00:08.385843+00
N1,0.8,llmd,2026-03-17 05:50:04.499694+00
N4,0.7,llmd,2026-03-17 05:50:04.507057+00
N5,0.75,llmd,2026-03-17 05:50:04.51179+00
N2,0.75,llm,2026-03-14 23:21:08.950229+00
N4,0.7,llmd,2026-03-17 06:00:21.341052+00
N2,0.8,llmd,2026-03-17 06:10:34.389336+00
N4,0.75,llmd,2026-03-17 06:30:06.485856+00
N5,0.75,llm,2026-03-14 23:40:47.535043+00
N2,0.8,llm,2026-03-14 23:40:47.539056+00
N1,0.8,llm,2026-03-14 23:40:53.555626+00
N1,0.85,llm,2026-03-14 23:41:30.436369+00
N4,0.8,llm,2026-03-14 23:41:30.434023+00
N1,0.75,llm,2026-03-14 23:41:04.913649+00
N5,0.7,llmd,2026-03-17 06:30:46.856211+00
N4,0.7,llmd,2026-03-17 06:40:07.970446+00
N2,0.7,llmd,2026-03-17 06:40:11.80303+00
N4,0.8,llmd,2026-03-17 06:40:18.757879+00
N5,0.75,llmd,2026-03-17 06:50:05.446511+00
N4,0.7,llmd,2026-03-17 07:40:04.204141+00
N4,0.8,llmd,2026-03-17 07:50:30.39037+00
N4,0.8,llmd,2026-03-17 08:00:04.236524+00
N1,0.75,llmd,2026-03-15 01:20:06.333328+00
N4,0.8,llmd,2026-03-15 01:20:06.345991+00
N4,0.75,llmd,2026-03-15 01:20:12.63712+00
N4,0.8,llmd,2026-03-15 01:20:12.63927+00
N5,0.75,llmd,2026-03-15 01:20:15.054446+00
N4,0.75,llmd,2026-03-15 01:20:21.396809+00
N1,0.8,llmd,2026-03-15 01:20:21.400248+00
N4,0.8,llmd,2026-03-15 01:20:24.331227+00
N1,0.85,llmd,2026-03-15 01:20:24.333582+00
N4,0.75,llmd,2026-03-15 01:20:26.687202+00
N2,0.8,llmd,2026-03-15 01:20:29.797147+00
N5,0.75,llmd,2026-03-15 01:20:32.436217+00
N5,0.8,llmd,2026-03-15 02:00:36.79961+00
N5,0.75,llmd,2026-03-15 02:00:36.803363+00
N2,0.75,llmd,2026-03-15 02:40:05.819978+00
N2,0.75,llmd,2026-03-15 03:00:06.840789+00
N4,0.75,llmd,2026-03-15 03:00:09.819313+00
N4,0.75,llmd,2026-03-15 03:00:25.694941+00
