hour,source_type,signal_count
2026-03-11 11:00:00+00,milwatch,1
2026-03-11 11:00:00+00,rss,16
2026-03-11 11:00:00+00,rss_security,1
2026-03-11 11:00:00+00,telegram,1
2026-03-11 12:00:00+00,ais,12
2026-03-11 12:00:00+00,balloon,2
2026-03-11 12:00:00+00,gpsjam,12
2026-03-11 12:00:00+00,milwatch,10
2026-03-11 12:00:00+00,rss,35
2026-03-11 12:00:00+00,rss_security,6
2026-03-11 12:00:00+00,ru_legislation,1
2026-03-11 12:00:00+00,telegram,12
2026-03-11 12:00:00+00,youtube,2
2026-03-11 13:00:00+00,ais,12
2026-03-11 13:00:00+00,balloon,1
2026-03-11 13:00:00+00,defense_rss,8
2026-03-11 13:00:00+00,gdelt,1
2026-03-11 13:00:00+00,milwatch,8
2026-03-11 13:00:00+00,rss,29
2026-03-11 13:00:00+00,rss_security,19
2026-03-11 13:00:00+00,telegram,4
2026-03-11 13:00:00+00,youtube,2
2026-03-11 14:00:00+00,adsb,1
2026-03-11 14:00:00+00,ais,13
2026-03-11 14:00:00+00,business,1
2026-03-11 14:00:00+00,defense_rss,5
2026-03-11 14:00:00+00,milwatch,10
2026-03-11 14:00:00+00,rss,29
2026-03-11 14:00:00+00,rss_security,17
2026-03-11 14:00:00+00,telegram,5
2026-03-11 15:00:00+00,adsb,3
2026-03-11 15:00:00+00,ais,13
2026-03-11 15:00:00+00,milwatch,9
2026-03-11 15:00:00+00,rss,22
2026-03-11 15:00:00+00,rss_security,3
2026-03-11 15:00:00+00,telegram,3
2026-03-11 15:00:00+00,youtube,1
2026-03-11 16:00:00+00,ais,12
2026-03-11 16:00:00+00,business,2
2026-03-11 16:00:00+00,milwatch,4
2026-03-11 16:00:00+00,rss,15
2026-03-11 16:00:00+00,rss_security,2
2026-03-11 16:00:00+00,telegram,16
2026-03-11 17:00:00+00,ais,12
2026-03-11 17:00:00+00,milwatch,7
2026-03-11 17:00:00+00,rss,17
2026-03-11 17:00:00+00,rss_security,6
2026-03-11 17:00:00+00,telegram,8
2026-03-11 18:00:00+00,ais,12
2026-03-11 18:00:00+00,milwatch,4
2026-03-11 18:00:00+00,rss,5
2026-03-11 18:00:00+00,rss_security,1
2026-03-11 18:00:00+00,telegram,6
2026-03-11 19:00:00+00,ais,13
2026-03-11 19:00:00+00,defense_rss,1
2026-03-11 19:00:00+00,milwatch,4
2026-03-11 19:00:00+00,rss,4
2026-03-11 19:00:00+00,rss_security,2
2026-03-11 19:00:00+00,telegram,4
2026-03-11 20:00:00+00,ais,12
2026-03-11 20:00:00+00,defense_rss,1
2026-03-11 20:00:00+00,milwatch,2
2026-03-11 20:00:00+00,rss,3
2026-03-11 20:00:00+00,rss_security,4
2026-03-11 20:00:00+00,telegram,5
2026-03-11 21:00:00+00,ais,12
2026-03-11 21:00:00+00,milwatch,3
2026-03-11 21:00:00+00,rss,4
2026-03-11 21:00:00+00,rss_security,2
2026-03-11 22:00:00+00,ais,13
2026-03-11 22:00:00+00,milwatch,1
2026-03-11 22:00:00+00,rss,4
2026-03-11 22:00:00+00,rss_security,1
2026-03-11 23:00:00+00,ais,13
2026-03-11 23:00:00+00,firms,4
2026-03-11 23:00:00+00,gdelt,1
2026-03-11 23:00:00+00,milwatch,1
2026-03-11 23:00:00+00,rss,10
2026-03-11 23:00:00+00,rss_security,1
2026-03-12 00:00:00+00,ais,12
2026-03-12 00:00:00+00,balloon,11
2026-03-12 00:00:00+00,gdelt,2
2026-03-12 00:00:00+00,milwatch,28
2026-03-12 00:00:00+00,osint_perplexity,2
2026-03-12 00:00:00+00,rss,16
2026-03-12 00:00:00+00,rss_security,2
2026-03-12 01:00:00+00,ais,17
2026-03-12 01:00:00+00,milwatch,1
2026-03-12 01:00:00+00,rss,18
2026-03-12 01:00:00+00,rss_security,1
2026-03-12 02:00:00+00,ais,13
2026-03-12 02:00:00+00,milwatch,3
2026-03-12 02:00:00+00,rss,39
2026-03-12 03:00:00+00,ais,14
2026-03-12 03:00:00+00,firms,2
2026-03-12 03:00:00+00,milwatch,3
2026-03-12 03:00:00+00,rss,109
2026-03-12 03:00:00+00,rss_security,1
2026-03-12 04:00:00+00,ais,13
2026-03-12 04:00:00+00,milwatch,3
2026-03-12 04:00:00+00,rss,71
2026-03-12 04:00:00+00,rss_security,2
2026-03-12 05:00:00+00,ais,14
2026-03-12 05:00:00+00,business,3
2026-03-12 05:00:00+00,firms,2
2026-03-12 05:00:00+00,milwatch,4
2026-03-12 05:00:00+00,rss,33
2026-03-12 05:00:00+00,rss_security,3
2026-03-12 05:00:00+00,telegram,2
2026-03-12 06:00:00+00,ais,13
2026-03-12 06:00:00+00,balloon,1
2026-03-12 06:00:00+00,business,1
2026-03-12 06:00:00+00,energy,2
2026-03-12 06:00:00+00,milwatch,4
2026-03-12 06:00:00+00,rss,29
2026-03-12 06:00:00+00,rss_security,2
2026-03-12 06:00:00+00,ru_legislation,1
2026-03-12 06:00:00+00,telegram,7
2026-03-12 07:00:00+00,ais,12
2026-03-12 07:00:00+00,balloon,1
2026-03-12 07:00:00+00,business,2
2026-03-12 07:00:00+00,milwatch,4
2026-03-12 07:00:00+00,rss,37
2026-03-12 07:00:00+00,rss_security,5
2026-03-12 07:00:00+00,telegram,5
2026-03-12 08:00:00+00,ais,12
2026-03-12 08:00:00+00,business,3
2026-03-12 08:00:00+00,milwatch,3
2026-03-12 08:00:00+00,rss,38
2026-03-12 08:00:00+00,rss_security,5
2026-03-12 08:00:00+00,telegram,9
2026-03-12 09:00:00+00,ais,12
2026-03-12 09:00:00+00,balloon,1
2026-03-12 09:00:00+00,business,1
2026-03-12 09:00:00+00,milwatch,5
2026-03-12 09:00:00+00,rss,31
2026-03-12 09:00:00+00,rss_security,4
2026-03-12 09:00:00+00,telegram,4
2026-03-12 10:00:00+00,adsb,1
2026-03-12 10:00:00+00,ais,13
2026-03-12 10:00:00+00,business,6
2026-03-12 10:00:00+00,defense_rss,1
2026-03-12 10:00:00+00,firms,13
2026-03-12 10:00:00+00,milwatch,3
2026-03-12 10:00:00+00,rss,52
2026-03-12 10:00:00+00,rss_security,5
2026-03-12 10:00:00+00,telegram,4
2026-03-12 11:00:00+00,ais,15
2026-03-12 11:00:00+00,balloon,1
2026-03-12 11:00:00+00,defense_rss,1
2026-03-12 11:00:00+00,milwatch,3
2026-03-12 11:00:00+00,rss,42
2026-03-12 11:00:00+00,rss_security,7
2026-03-12 11:00:00+00,telegram,14
2026-03-12 12:00:00+00,ais,14
2026-03-12 12:00:00+00,balloon,4
2026-03-12 12:00:00+00,gpsjam,12
2026-03-12 12:00:00+00,milwatch,10
2026-03-12 12:00:00+00,rss,34
2026-03-12 12:00:00+00,rss_security,1
2026-03-12 12:00:00+00,telegram,4
2026-03-12 13:00:00+00,ais,13
2026-03-12 13:00:00+00,balloon,1
2026-03-12 13:00:00+00,business,2
2026-03-12 13:00:00+00,defense_rss,1
2026-03-12 13:00:00+00,milwatch,13
2026-03-12 13:00:00+00,rss,29
2026-03-12 13:00:00+00,rss_security,5
2026-03-12 13:00:00+00,telegram,7
2026-03-12 13:00:00+00,youtube,5
2026-03-12 14:00:00+00,ais,15
2026-03-12 14:00:00+00,business,1
2026-03-12 14:00:00+00,defense_rss,2
2026-03-12 14:00:00+00,gdelt,1
2026-03-12 14:00:00+00,milwatch,9
2026-03-12 14:00:00+00,rss,33
2026-03-12 14:00:00+00,rss_security,10
2026-03-12 14:00:00+00,telegram,6
2026-03-12 15:00:00+00,ais,13
2026-03-12 15:00:00+00,defense_rss,1
2026-03-12 15:00:00+00,milwatch,6
2026-03-12 15:00:00+00,rss,28
2026-03-12 15:00:00+00,rss_security,3
2026-03-12 15:00:00+00,telegram,11
2026-03-12 15:00:00+00,youtube,1
2026-03-12 16:00:00+00,ais,15
2026-03-12 16:00:00+00,business,2
2026-03-12 16:00:00+00,milwatch,5
2026-03-12 16:00:00+00,rss,35
2026-03-12 16:00:00+00,rss_security,5
2026-03-12 16:00:00+00,telegram,6
2026-03-12 17:00:00+00,ais,12
2026-03-12 17:00:00+00,defense_rss,2
2026-03-12 17:00:00+00,milwatch,4
2026-03-12 17:00:00+00,rss,82
2026-03-12 17:00:00+00,rss_security,9
2026-03-12 17:00:00+00,telegram,13
2026-03-12 18:00:00+00,ais,14
2026-03-12 18:00:00+00,business,1
2026-03-12 18:00:00+00,defense_rss,1
2026-03-12 18:00:00+00,milwatch,7
2026-03-12 18:00:00+00,rss,58
2026-03-12 18:00:00+00,rss_security,4
2026-03-12 18:00:00+00,telegram,5
2026-03-12 19:00:00+00,ais,14
2026-03-12 19:00:00+00,business,1
2026-03-12 19:00:00+00,defense_rss,1
2026-03-12 19:00:00+00,milwatch,5
2026-03-12 19:00:00+00,rss,49
2026-03-12 19:00:00+00,rss_security,1
2026-03-12 19:00:00+00,telegram,2
2026-03-12 20:00:00+00,ais,12
2026-03-12 20:00:00+00,business,2
2026-03-12 20:00:00+00,defense_rss,2
2026-03-12 20:00:00+00,milwatch,1
2026-03-12 20:00:00+00,rss,33
2026-03-12 20:00:00+00,rss_security,5
2026-03-12 20:00:00+00,telegram,2
2026-03-12 21:00:00+00,ais,12
2026-03-12 21:00:00+00,defense_rss,1
2026-03-12 21:00:00+00,milwatch,2
2026-03-12 21:00:00+00,rss,17
2026-03-12 21:00:00+00,rss_security,7
2026-03-12 22:00:00+00,ais,12
2026-03-12 22:00:00+00,embassy,1
2026-03-12 22:00:00+00,energy,1
2026-03-12 22:00:00+00,firms,1
2026-03-12 22:00:00+00,milwatch,2
2026-03-12 22:00:00+00,osint_milbase,3
2026-03-12 22:00:00+00,osint_perplexity,9
2026-03-12 22:00:00+00,rss,10
2026-03-12 22:00:00+00,rss_security,1
2026-03-12 23:00:00+00,ais,12
2026-03-12 23:00:00+00,balloon,2
2026-03-12 23:00:00+00,gdelt,27
2026-03-12 23:00:00+00,milwatch,1
2026-03-12 23:00:00+00,rss,8
2026-03-13 00:00:00+00,ais,12
2026-03-13 00:00:00+00,balloon,13
2026-03-13 00:00:00+00,milwatch,31
2026-03-13 00:00:00+00,osint_perplexity,2
2026-03-13 00:00:00+00,rss,19
2026-03-13 00:00:00+00,rss_security,2
2026-03-13 01:00:00+00,ais,15
2026-03-13 01:00:00+00,milwatch,1
2026-03-13 01:00:00+00,rss,22
2026-03-13 02:00:00+00,ais,12
2026-03-13 02:00:00+00,gdelt,1
2026-03-13 02:00:00+00,milwatch,9
2026-03-13 02:00:00+00,rss,41
2026-03-13 03:00:00+00,ais,12
2026-03-13 03:00:00+00,firms,1
2026-03-13 03:00:00+00,gdelt,7
2026-03-13 03:00:00+00,milwatch,4
2026-03-13 03:00:00+00,rss,59
2026-03-13 03:00:00+00,rss_security,1
2026-03-13 04:00:00+00,ais,13
2026-03-13 04:00:00+00,milwatch,1
2026-03-13 04:00:00+00,osint_milbase,1
2026-03-13 04:00:00+00,rss,58
2026-03-13 04:00:00+00,rss_security,4
2026-03-13 04:00:00+00,ru_legislation,1
2026-03-13 05:00:00+00,ais,12
2026-03-13 05:00:00+00,milwatch,3
2026-03-13 05:00:00+00,osint_perplexity,3
2026-03-13 05:00:00+00,rss,51
2026-03-13 05:00:00+00,rss_security,2
2026-03-13 05:00:00+00,telegram,2
2026-03-13 05:00:00+00,telegram_channel,1
2026-03-13 06:00:00+00,ais,12
2026-03-13 06:00:00+00,balloon,1
2026-03-13 06:00:00+00,energy,2
2026-03-13 06:00:00+00,milwatch,2
2026-03-13 06:00:00+00,rss,51
2026-03-13 06:00:00+00,rss_security,1
2026-03-13 06:00:00+00,telegram,4
2026-03-13 07:00:00+00,ais,13
2026-03-13 07:00:00+00,balloon,4
2026-03-13 07:00:00+00,milwatch,11
2026-03-13 07:00:00+00,rss,67
2026-03-13 07:00:00+00,rss_security,7
2026-03-13 07:00:00+00,telegram,7
2026-03-13 07:00:00+00,telegram_channel,1
2026-03-13 08:00:00+00,ais,15
2026-03-13 08:00:00+00,business,2
2026-03-13 08:00:00+00,firms,1
2026-03-13 08:00:00+00,milwatch,11
2026-03-13 08:00:00+00,rss,185
2026-03-13 08:00:00+00,rss_security,5
2026-03-13 08:00:00+00,telegram,9
2026-03-13 09:00:00+00,ais,12
2026-03-13 09:00:00+00,milwatch,20
2026-03-13 09:00:00+00,rss,128
2026-03-13 09:00:00+00,rss_security,3
2026-03-13 09:00:00+00,telegram,17
2026-03-13 09:00:00+00,youtube,2
2026-03-13 10:00:00+00,adsb,2
2026-03-13 10:00:00+00,ais,14
2026-03-13 10:00:00+00,business,1
2026-03-13 10:00:00+00,firms,4
2026-03-13 10:00:00+00,milwatch,8
2026-03-13 10:00:00+00,rss,88
2026-03-13 10:00:00+00,rss_security,1
2026-03-13 10:00:00+00,telegram,4
2026-03-13 10:00:00+00,youtube,3
2026-03-13 11:00:00+00,adsb,1
2026-03-13 11:00:00+00,ais,13
2026-03-13 11:00:00+00,energy,1
2026-03-13 11:00:00+00,firms,1
2026-03-13 11:00:00+00,gdelt,1
2026-03-13 11:00:00+00,milwatch,7
2026-03-13 11:00:00+00,osint_perplexity,2
2026-03-13 11:00:00+00,rss,202
2026-03-13 11:00:00+00,rss_security,6
2026-03-13 11:00:00+00,telegram,6
2026-03-13 11:00:00+00,youtube,4
2026-03-13 12:00:00+00,ais,14
2026-03-13 12:00:00+00,balloon,2
2026-03-13 12:00:00+00,business,2
2026-03-13 12:00:00+00,defense_rss,1
2026-03-13 12:00:00+00,milwatch,7
2026-03-13 12:00:00+00,osint_perplexity,1
2026-03-13 12:00:00+00,rss,107
2026-03-13 12:00:00+00,rss_security,8
2026-03-13 12:00:00+00,telegram,8
2026-03-13 13:00:00+00,ais,13
2026-03-13 13:00:00+00,milwatch,12
2026-03-13 13:00:00+00,rss,61
2026-03-13 13:00:00+00,rss_security,2
2026-03-13 13:00:00+00,ru_legislation,1
2026-03-13 13:00:00+00,telegram,5
2026-03-13 14:00:00+00,ais,13
2026-03-13 14:00:00+00,balloon,1
2026-03-13 14:00:00+00,business,2
2026-03-13 14:00:00+00,defense_rss,3
2026-03-13 14:00:00+00,energy,1
2026-03-13 14:00:00+00,milwatch,6
2026-03-13 14:00:00+00,rss,140
2026-03-13 14:00:00+00,rss_security,13
2026-03-13 14:00:00+00,ru_legislation,2
2026-03-13 14:00:00+00,telegram,4
2026-03-13 14:00:00+00,youtube,1
2026-03-13 15:00:00+00,ais,12
2026-03-13 15:00:00+00,gdelt,5
2026-03-13 15:00:00+00,milwatch,13
2026-03-13 15:00:00+00,rss,97
2026-03-13 15:00:00+00,rss_security,7
2026-03-13 15:00:00+00,telegram,3
2026-03-13 16:00:00+00,ais,12
2026-03-13 16:00:00+00,business,2
2026-03-13 16:00:00+00,milwatch,6
2026-03-13 16:00:00+00,rss,73
2026-03-13 16:00:00+00,rss_security,3
2026-03-13 16:00:00+00,telegram,7
2026-03-13 17:00:00+00,ais,14
2026-03-13 17:00:00+00,milwatch,6
2026-03-13 17:00:00+00,osint_perplexity,7
2026-03-13 17:00:00+00,rss,39
2026-03-13 17:00:00+00,rss_security,3
2026-03-13 17:00:00+00,telegram,6
2026-03-13 18:00:00+00,ais,12
2026-03-13 18:00:00+00,energy,1
2026-03-13 18:00:00+00,milwatch,4
2026-03-13 18:00:00+00,rss,27
2026-03-13 18:00:00+00,rss_security,5
2026-03-13 18:00:00+00,stats,4
2026-03-13 18:00:00+00,telegram,12
2026-03-13 19:00:00+00,ais,12
2026-03-13 19:00:00+00,balloon,1
2026-03-13 19:00:00+00,business,1
2026-03-13 19:00:00+00,defense_rss,2
2026-03-13 19:00:00+00,milwatch,4
2026-03-13 19:00:00+00,rss,41
2026-03-13 19:00:00+00,rss_security,4
2026-03-13 19:00:00+00,telegram,1
2026-03-13 19:00:00+00,telegram_channel,1
2026-03-13 20:00:00+00,ais,13
2026-03-13 20:00:00+00,defense_rss,1
2026-03-13 20:00:00+00,milwatch,1
2026-03-13 20:00:00+00,rss,30
2026-03-13 20:00:00+00,rss_security,6
2026-03-13 20:00:00+00,telegram,2
2026-03-13 21:00:00+00,ais,12
2026-03-13 21:00:00+00,milwatch,1
2026-03-13 21:00:00+00,rss,37
2026-03-13 21:00:00+00,rss_security,6
2026-03-13 22:00:00+00,ais,12
2026-03-13 22:00:00+00,firms,10
2026-03-13 22:00:00+00,milwatch,2
2026-03-13 22:00:00+00,rss,27
2026-03-13 23:00:00+00,ais,12
2026-03-13 23:00:00+00,firms,7
2026-03-13 23:00:00+00,milwatch,3
2026-03-13 23:00:00+00,rss,28
2026-03-14 00:00:00+00,ais,17
2026-03-14 00:00:00+00,balloon,13
2026-03-14 00:00:00+00,gdelt,1
2026-03-14 00:00:00+00,milwatch,29
2026-03-14 00:00:00+00,rss,28
2026-03-14 00:00:00+00,rss_security,2
2026-03-14 01:00:00+00,ais,12
2026-03-14 01:00:00+00,balloon,4
2026-03-14 01:00:00+00,firms,3
2026-03-14 01:00:00+00,milwatch,1
2026-03-14 01:00:00+00,rss,13
2026-03-14 02:00:00+00,ais,12
2026-03-14 02:00:00+00,balloon,1
2026-03-14 02:00:00+00,energy,2
2026-03-14 02:00:00+00,gdelt,4
2026-03-14 02:00:00+00,milwatch,3
2026-03-14 02:00:00+00,rss,19
2026-03-14 03:00:00+00,ais,12
2026-03-14 03:00:00+00,gdelt,25
2026-03-14 03:00:00+00,milwatch,5
2026-03-14 03:00:00+00,rss,27
2026-03-14 04:00:00+00,ais,13
2026-03-14 04:00:00+00,milwatch,3
2026-03-14 04:00:00+00,osint_milbase,6
2026-03-14 04:00:00+00,rss,42
2026-03-14 04:00:00+00,rss_security,1
2026-03-14 05:00:00+00,ais,12
2026-03-14 05:00:00+00,milwatch,3
2026-03-14 05:00:00+00,osint_perplexity,3
2026-03-14 05:00:00+00,rss,32
2026-03-14 05:00:00+00,rss_security,1
2026-03-14 05:00:00+00,telegram,1
2026-03-14 06:00:00+00,ais,13
2026-03-14 06:00:00+00,balloon,1
2026-03-14 06:00:00+00,energy,1
2026-03-14 06:00:00+00,milwatch,3
2026-03-14 06:00:00+00,rss,51
2026-03-14 06:00:00+00,telegram,5
2026-03-14 07:00:00+00,ais,14
2026-03-14 07:00:00+00,milwatch,6
2026-03-14 07:00:00+00,rss,54
2026-03-14 07:00:00+00,rss_security,2
2026-03-14 07:00:00+00,telegram,3
2026-03-14 08:00:00+00,ais,13
2026-03-14 08:00:00+00,balloon,2
2026-03-14 08:00:00+00,milwatch,10
2026-03-14 08:00:00+00,rss,45
2026-03-14 08:00:00+00,telegram,3
2026-03-14 09:00:00+00,ais,13
2026-03-14 09:00:00+00,firms,13
2026-03-14 09:00:00+00,milwatch,7
2026-03-14 09:00:00+00,rss,60
2026-03-14 09:00:00+00,rss_security,1
2026-03-14 09:00:00+00,telegram,11
2026-03-14 09:00:00+00,telegram_channel,1
2026-03-14 10:00:00+00,ais,13
2026-03-14 10:00:00+00,energy,1
2026-03-14 10:00:00+00,firms,17
2026-03-14 10:00:00+00,gdelt,1
2026-03-14 10:00:00+00,milwatch,5
2026-03-14 10:00:00+00,rss,90
2026-03-14 10:00:00+00,rss_security,1
2026-03-14 10:00:00+00,telegram,5
2026-03-14 11:00:00+00,ais,12
2026-03-14 11:00:00+00,defense_rss,1
2026-03-14 11:00:00+00,firms,16
2026-03-14 11:00:00+00,milwatch,5
2026-03-14 11:00:00+00,osint_perplexity,1
2026-03-14 11:00:00+00,rss,92
2026-03-14 11:00:00+00,rss_security,1
2026-03-14 11:00:00+00,telegram,2
2026-03-14 11:00:00+00,youtube,3
2026-03-14 12:00:00+00,ais,12
2026-03-14 12:00:00+00,balloon,4
2026-03-14 12:00:00+00,defense_rss,1
2026-03-14 12:00:00+00,gpsjam,12
2026-03-14 12:00:00+00,milwatch,5
2026-03-14 12:00:00+00,rss,71
2026-03-14 12:00:00+00,rss_security,2
2026-03-14 12:00:00+00,telegram,11
2026-03-14 12:00:00+00,youtube,2
2026-03-14 13:00:00+00,ais,12
2026-03-14 13:00:00+00,balloon,3
2026-03-14 13:00:00+00,defense_rss,1
2026-03-14 13:00:00+00,gdelt,2
2026-03-14 13:00:00+00,milwatch,5
2026-03-14 13:00:00+00,rss,77
2026-03-14 13:00:00+00,rss_security,2
2026-03-14 13:00:00+00,telegram,2
2026-03-14 14:00:00+00,ais,12
2026-03-14 14:00:00+00,balloon,1
2026-03-14 14:00:00+00,energy,1
2026-03-14 14:00:00+00,milwatch,6
2026-03-14 14:00:00+00,rss,89
2026-03-14 14:00:00+00,telegram,6
2026-03-14 14:00:00+00,youtube,1
2026-03-14 15:00:00+00,ais,12
2026-03-14 15:00:00+00,gdelt,7
2026-03-14 15:00:00+00,milwatch,4
2026-03-14 15:00:00+00,rss,66
2026-03-14 15:00:00+00,telegram,3
2026-03-14 16:00:00+00,ais,12
2026-03-14 16:00:00+00,milwatch,3
2026-03-14 16:00:00+00,rss,64
2026-03-14 16:00:00+00,telegram,7
2026-03-14 17:00:00+00,ais,12
2026-03-14 17:00:00+00,milwatch,5
2026-03-14 17:00:00+00,rss,72
2026-03-14 17:00:00+00,rss_security,1
2026-03-14 17:00:00+00,ru_legislation,1
2026-03-14 17:00:00+00,telegram,5
2026-03-14 17:00:00+00,telegram_channel,1
2026-03-14 18:00:00+00,ais,12
2026-03-14 18:00:00+00,energy,1
2026-03-14 18:00:00+00,milwatch,7
2026-03-14 18:00:00+00,rss,81
2026-03-14 18:00:00+00,rss_security,1
2026-03-14 18:00:00+00,telegram,7
2026-03-14 19:00:00+00,ais,13
2026-03-14 19:00:00+00,milwatch,6
2026-03-14 19:00:00+00,rss,75
2026-03-14 19:00:00+00,telegram,2
2026-03-14 20:00:00+00,ais,12
2026-03-14 20:00:00+00,milwatch,3
2026-03-14 20:00:00+00,rss,38
2026-03-14 20:00:00+00,telegram,3
2026-03-14 21:00:00+00,ais,13
2026-03-14 21:00:00+00,energy,1
2026-03-14 21:00:00+00,milwatch,1
2026-03-14 21:00:00+00,rss,32
2026-03-14 22:00:00+00,ais,13
2026-03-14 22:00:00+00,rss,20
2026-03-14 23:00:00+00,ais,2590
2026-03-14 23:00:00+00,balloon,3
2026-03-14 23:00:00+00,energy,1
2026-03-14 23:00:00+00,milwatch,1
2026-03-14 23:00:00+00,rss,73
2026-03-15 00:00:00+00,ais,1293
2026-03-15 00:00:00+00,balloon,4
2026-03-15 00:00:00+00,milwatch,26
2026-03-15 00:00:00+00,rss,2
2026-03-15 01:00:00+00,balloon,1
2026-03-15 01:00:00+00,rss,2
2026-03-15 02:00:00+00,rss,2
2026-03-15 03:00:00+00,rss,3
2026-03-15 04:00:00+00,rss,4
2026-03-15 05:00:00+00,rss,8
2026-03-15 05:00:00+00,rss_security,2
2026-03-15 05:00:00+00,telegram,1
2026-03-15 06:00:00+00,rss,14
2026-03-15 06:00:00+00,rss_security,2
2026-03-15 06:00:00+00,telegram,3
2026-03-15 07:00:00+00,balloon,1
2026-03-15 07:00:00+00,rss,16
2026-03-15 07:00:00+00,rss_security,1
2026-03-15 07:00:00+00,telegram,2
2026-03-15 08:00:00+00,rss,19
2026-03-15 08:00:00+00,rss_security,2
2026-03-15 08:00:00+00,telegram,1
2026-03-15 08:00:00+00,telegram_channel,1
2026-03-15 09:00:00+00,rss,20
2026-03-15 09:00:00+00,telegram,1
2026-03-15 10:00:00+00,rss,13
2026-03-15 10:00:00+00,telegram,1
2026-03-15 11:00:00+00,rss,19
2026-03-15 11:00:00+00,rss_security,1
2026-03-15 11:00:00+00,telegram,4
2026-03-15 11:00:00+00,telegram_channel,1
2026-03-15 12:00:00+00,gpsjam,12
2026-03-15 12:00:00+00,rss,22
2026-03-15 12:00:00+00,telegram,4
2026-03-15 13:00:00+00,balloon,3
2026-03-15 13:00:00+00,rss,31
2026-03-15 13:00:00+00,telegram,3
2026-03-15 14:00:00+00,gdelt,3
2026-03-15 14:00:00+00,rss,32
2026-03-15 14:00:00+00,telegram,3
2026-03-15 14:00:00+00,telegram_channel,1
2026-03-15 15:00:00+00,rss,50
2026-03-15 15:00:00+00,telegram,4
2026-03-15 16:00:00+00,gdelt,1
2026-03-15 16:00:00+00,rss,60
2026-03-15 16:00:00+00,telegram,4
2026-03-15 17:00:00+00,rss,62
2026-03-15 17:00:00+00,telegram,3
2026-03-15 18:00:00+00,ais,1293
2026-03-15 18:00:00+00,energy,1
2026-03-15 18:00:00+00,gdelt,2
2026-03-15 18:00:00+00,rss,53
2026-03-15 18:00:00+00,telegram,4
2026-03-15 19:00:00+00,ais,2586
2026-03-15 19:00:00+00,business,2
2026-03-15 19:00:00+00,gdelt,2
2026-03-15 19:00:00+00,rss,58
2026-03-15 19:00:00+00,telegram,3
2026-03-15 20:00:00+00,ais,2586
2026-03-15 20:00:00+00,gdelt,1
2026-03-15 20:00:00+00,rss,47
2026-03-15 20:00:00+00,telegram,3
2026-03-15 21:00:00+00,ais,2586
2026-03-15 21:00:00+00,gdelt,10
2026-03-15 21:00:00+00,rss,36
2026-03-15 21:00:00+00,telegram_channel,1
2026-03-15 22:00:00+00,ais,2586
2026-03-15 22:00:00+00,deepstate,10
2026-03-15 22:00:00+00,gdelt,23
2026-03-15 22:00:00+00,rss,28
2026-03-15 23:00:00+00,ais,2586
2026-03-15 23:00:00+00,balloon,2
2026-03-15 23:00:00+00,gdelt,6
2026-03-15 23:00:00+00,osint_milbase,3
2026-03-15 23:00:00+00,rss,41
2026-03-16 00:00:00+00,ais,2586
2026-03-16 00:00:00+00,balloon,3
2026-03-16 00:00:00+00,deepstate,10
2026-03-16 00:00:00+00,energy,1
2026-03-16 00:00:00+00,firms,100
2026-03-16 00:00:00+00,rss,30
2026-03-16 00:00:00+00,rss_security,2
2026-03-16 01:00:00+00,ais,2586
2026-03-16 01:00:00+00,balloon,2
2026-03-16 01:00:00+00,rss,34
2026-03-16 02:00:00+00,ais,2586
2026-03-16 02:00:00+00,business,2
2026-03-16 02:00:00+00,gdelt,8
2026-03-16 02:00:00+00,rss,74
2026-03-16 03:00:00+00,ais,2586
2026-03-16 03:00:00+00,gdelt,18
2026-03-16 03:00:00+00,rss,51
2026-03-16 04:00:00+00,ais,2586
2026-03-16 04:00:00+00,osint_milbase,3
2026-03-16 04:00:00+00,rss,52
2026-03-16 05:00:00+00,ais,2586
2026-03-16 05:00:00+00,balloon,1
2026-03-16 05:00:00+00,gdelt,1
2026-03-16 05:00:00+00,osint_perplexity,3
2026-03-16 05:00:00+00,rss,61
2026-03-16 05:00:00+00,ru_legislation,1
2026-03-16 05:00:00+00,telegram,2
2026-03-16 06:00:00+00,ais,2586
2026-03-16 06:00:00+00,balloon,2
2026-03-16 06:00:00+00,gdelt,6
2026-03-16 06:00:00+00,rss,59
2026-03-16 06:00:00+00,telegram,5
2026-03-16 07:00:00+00,ais,2586
2026-03-16 07:00:00+00,balloon,2
2026-03-16 07:00:00+00,business,2
2026-03-16 07:00:00+00,gdelt,15
2026-03-16 07:00:00+00,rss,145
2026-03-16 07:00:00+00,rss_security,2
2026-03-16 07:00:00+00,telegram,5
2026-03-16 07:00:00+00,telegram_channel,1
2026-03-16 08:00:00+00,ais,2586
2026-03-16 08:00:00+00,business,1
2026-03-16 08:00:00+00,gdelt,3
2026-03-16 08:00:00+00,rss,114
2026-03-16 08:00:00+00,rss_security,1
2026-03-16 08:00:00+00,telegram,4
2026-03-16 09:00:00+00,ais,2586
2026-03-16 09:00:00+00,gdelt,8
2026-03-16 09:00:00+00,rss,192
2026-03-16 09:00:00+00,rss_security,2
2026-03-16 09:00:00+00,telegram,4
2026-03-16 10:00:00+00,ais,2586
2026-03-16 10:00:00+00,defense_rss,1
2026-03-16 10:00:00+00,firms,134
2026-03-16 10:00:00+00,rss,115
2026-03-16 10:00:00+00,rss_security,2
2026-03-16 10:00:00+00,telegram,6
2026-03-16 11:00:00+00,ais,2586
2026-03-16 11:00:00+00,balloon,3
2026-03-16 11:00:00+00,business,1
2026-03-16 11:00:00+00,gdelt,17
2026-03-16 11:00:00+00,rss,117
2026-03-16 11:00:00+00,rss_security,1
2026-03-16 11:00:00+00,telegram,4
2026-03-16 12:00:00+00,ais,2586
2026-03-16 12:00:00+00,balloon,7
2026-03-16 12:00:00+00,firms,19
2026-03-16 12:00:00+00,gdelt,2
2026-03-16 12:00:00+00,gpsjam,12
2026-03-16 12:00:00+00,rss,98
2026-03-16 12:00:00+00,telegram,4
2026-03-16 12:00:00+00,telegram_channel,1
2026-03-16 13:00:00+00,ais,2586
2026-03-16 13:00:00+00,balloon,7
2026-03-16 13:00:00+00,gdelt,1
2026-03-16 13:00:00+00,rss,181
2026-03-16 13:00:00+00,rss_security,2
2026-03-16 13:00:00+00,telegram,5
2026-03-16 13:00:00+00,telegram_channel,1
2026-03-16 14:00:00+00,ais,2586
2026-03-16 14:00:00+00,balloon,4
2026-03-16 14:00:00+00,defense_rss,2
2026-03-16 14:00:00+00,gdelt,2
2026-03-16 14:00:00+00,rss,197
2026-03-16 14:00:00+00,rss_security,6
2026-03-16 14:00:00+00,telegram,7
2026-03-16 14:00:00+00,telegram_channel,1
2026-03-16 15:00:00+00,ais,2586
2026-03-16 15:00:00+00,balloon,3
2026-03-16 15:00:00+00,defense_rss,1
2026-03-16 15:00:00+00,gdelt,25
2026-03-16 15:00:00+00,rss,137
2026-03-16 15:00:00+00,rss_security,8
2026-03-16 15:00:00+00,telegram,6
2026-03-16 15:00:00+00,telegram_channel,1
2026-03-16 16:00:00+00,adsb,1
2026-03-16 16:00:00+00,ais,2586
2026-03-16 16:00:00+00,balloon,1
2026-03-16 16:00:00+00,business,2
2026-03-16 16:00:00+00,defense_rss,2
2026-03-16 16:00:00+00,rss,71
2026-03-16 16:00:00+00,rss_security,5
2026-03-16 16:00:00+00,telegram,6
2026-03-16 16:00:00+00,telegram_channel,1
2026-03-16 17:00:00+00,adsb,1
2026-03-16 17:00:00+00,ais,2586
2026-03-16 17:00:00+00,defense_rss,1
2026-03-16 17:00:00+00,rss,65
2026-03-16 17:00:00+00,rss_security,4
2026-03-16 17:00:00+00,telegram,5
2026-03-16 18:00:00+00,ais,2586
2026-03-16 18:00:00+00,rss,85
2026-03-16 18:00:00+00,rss_security,2
2026-03-16 18:00:00+00,telegram,6
2026-03-16 18:00:00+00,telegram_channel,1
2026-03-16 19:00:00+00,ais,2586
2026-03-16 19:00:00+00,defense_rss,2
2026-03-16 19:00:00+00,gdelt,25
2026-03-16 19:00:00+00,rss,84
2026-03-16 19:00:00+00,rss_security,7
2026-03-16 19:00:00+00,telegram,2
2026-03-16 20:00:00+00,adsb,1
2026-03-16 20:00:00+00,ais,2586
2026-03-16 20:00:00+00,defense_rss,1
2026-03-16 20:00:00+00,gdelt,1
2026-03-16 20:00:00+00,rss,43
2026-03-16 20:00:00+00,rss_security,4
2026-03-16 20:00:00+00,telegram,3
2026-03-16 21:00:00+00,ais,2586
2026-03-16 21:00:00+00,rss,42
2026-03-16 21:00:00+00,rss_security,1
2026-03-16 22:00:00+00,ais,2586
2026-03-16 22:00:00+00,gdelt,5
2026-03-16 22:00:00+00,rss,29
2026-03-16 22:00:00+00,rss_security,3
2026-03-16 23:00:00+00,ais,2586
2026-03-16 23:00:00+00,balloon,2
2026-03-16 23:00:00+00,defense_rss,1
2026-03-16 23:00:00+00,gdelt,21
2026-03-16 23:00:00+00,rss,46
2026-03-16 23:00:00+00,rss_security,2
2026-03-17 00:00:00+00,ais,2586
2026-03-17 00:00:00+00,balloon,4
2026-03-17 00:00:00+00,deepstate,10
2026-03-17 00:00:00+00,firms,64
2026-03-17 00:00:00+00,rss,35
2026-03-17 01:00:00+00,ais,2586
2026-03-17 01:00:00+00,balloon,1
2026-03-17 01:00:00+00,energy,1
2026-03-17 01:00:00+00,gdelt,1
2026-03-17 01:00:00+00,rss,33
2026-03-17 01:00:00+00,rss_security,2
2026-03-17 02:00:00+00,ais,2586
2026-03-17 02:00:00+00,balloon,1
2026-03-17 02:00:00+00,gdelt,10
2026-03-17 02:00:00+00,rss,54
2026-03-17 03:00:00+00,ais,2586
2026-03-17 03:00:00+00,gdelt,25
2026-03-17 03:00:00+00,rss,67
2026-03-17 04:00:00+00,ais,2586
2026-03-17 04:00:00+00,gdelt,2
2026-03-17 04:00:00+00,osint_milbase,3
2026-03-17 04:00:00+00,rss,110
2026-03-17 04:00:00+00,sentinel,4
2026-03-17 05:00:00+00,ais,2586
2026-03-17 05:00:00+00,balloon,1
2026-03-17 05:00:00+00,gdelt,2
2026-03-17 05:00:00+00,osint_perplexity,3
2026-03-17 05:00:00+00,rss,101
2026-03-17 05:00:00+00,ru_legislation,1
2026-03-17 05:00:00+00,telegram,2
2026-03-17 06:00:00+00,ais,2586
2026-03-17 06:00:00+00,balloon,6
2026-03-17 06:00:00+00,business,1
2026-03-17 06:00:00+00,gdelt,2
2026-03-17 06:00:00+00,rss,119
2026-03-17 06:00:00+00,telegram,7
2026-03-17 07:00:00+00,ais,2586
2026-03-17 07:00:00+00,balloon,10
2026-03-17 07:00:00+00,gdelt,29
2026-03-17 07:00:00+00,rss,154
2026-03-17 07:00:00+00,rss_security,3
2026-03-17 07:00:00+00,telegram,4
2026-03-17 07:00:00+00,telegram_channel,1
2026-03-17 08:00:00+00,ais,2586
2026-03-17 08:00:00+00,balloon,11
2026-03-17 08:00:00+00,rss,95
2026-03-17 08:00:00+00,rss_security,2
2026-03-17 08:00:00+00,telegram,5
2026-03-17 09:00:00+00,ais,2586
2026-03-17 09:00:00+00,balloon,10
2026-03-17 09:00:00+00,defense_rss,1
2026-03-17 09:00:00+00,gdelt,1
2026-03-17 09:00:00+00,rss,116
2026-03-17 09:00:00+00,rss_security,3
2026-03-17 09:00:00+00,telegram,4
2026-03-17 09:00:00+00,telegram_channel,1
2026-03-17 10:00:00+00,ais,2586
2026-03-17 10:00:00+00,balloon,5
2026-03-17 10:00:00+00,defense_rss,1
2026-03-17 10:00:00+00,firms,99
2026-03-17 10:00:00+00,gdelt,18
2026-03-17 10:00:00+00,rss,129
2026-03-17 10:00:00+00,rss_security,3
2026-03-17 10:00:00+00,telegram,6
2026-03-17 10:00:00+00,telegram_channel,1
2026-03-17 11:00:00+00,ais,2586
2026-03-17 11:00:00+00,balloon,7
2026-03-17 11:00:00+00,business,1
2026-03-17 11:00:00+00,defense_rss,1
2026-03-17 11:00:00+00,gdelt,38
2026-03-17 11:00:00+00,rss,205
2026-03-17 11:00:00+00,rss_security,4
2026-03-17 11:00:00+00,telegram,6
2026-03-17 12:00:00+00,ais,2586
2026-03-17 12:00:00+00,balloon,8
2026-03-17 12:00:00+00,business,1
2026-03-17 12:00:00+00,firms,38
2026-03-17 12:00:00+00,gpsjam,12
2026-03-17 12:00:00+00,rss,154
2026-03-17 12:00:00+00,rss_security,4
2026-03-17 12:00:00+00,telegram,4
2026-03-17 13:00:00+00,ais,2586
2026-03-17 13:00:00+00,balloon,5
2026-03-17 13:00:00+00,defense_rss,1
2026-03-17 13:00:00+00,gdelt,1
2026-03-17 13:00:00+00,rss,173
2026-03-17 13:00:00+00,rss_security,2
2026-03-17 13:00:00+00,telegram,6
2026-03-17 13:00:00+00,telegram_channel,3
2026-03-17 14:00:00+00,ais,2586
2026-03-17 14:00:00+00,defense_rss,2
2026-03-17 14:00:00+00,gdelt,1
2026-03-17 14:00:00+00,rss,107
2026-03-17 14:00:00+00,rss_security,6
2026-03-17 14:00:00+00,telegram,4
2026-03-17 14:00:00+00,telegram_channel,1
2026-03-17 15:00:00+00,ais,2586
2026-03-17 15:00:00+00,defense_rss,1
2026-03-17 15:00:00+00,gdelt,41
2026-03-17 15:00:00+00,rss,87
2026-03-17 15:00:00+00,rss_security,3
2026-03-17 15:00:00+00,sentinel,5
2026-03-17 15:00:00+00,telegram,5
2026-03-17 16:00:00+00,ais,2586
2026-03-17 16:00:00+00,business,6
2026-03-17 16:00:00+00,defense_rss,1
2026-03-17 16:00:00+00,gdelt,2
2026-03-17 16:00:00+00,rss,148
2026-03-17 16:00:00+00,rss_security,7
2026-03-17 16:00:00+00,telegram,6
2026-03-17 17:00:00+00,ais,2586
2026-03-17 17:00:00+00,defense_rss,1
2026-03-17 17:00:00+00,gdelt,1
2026-03-17 17:00:00+00,rss,119
2026-03-17 17:00:00+00,rss_security,6
2026-03-17 17:00:00+00,telegram,5
2026-03-17 18:00:00+00,ais,2586
2026-03-17 18:00:00+00,deepstate,1
2026-03-17 18:00:00+00,defense_rss,2
2026-03-17 18:00:00+00,gdelt,10
2026-03-17 18:00:00+00,rss,85
2026-03-17 18:00:00+00,rss_security,4
2026-03-17 18:00:00+00,telegram,8
2026-03-17 18:00:00+00,telegram_channel,1
2026-03-17 19:00:00+00,ais,2586
2026-03-17 19:00:00+00,business,2
2026-03-17 19:00:00+00,defense_rss,1
2026-03-17 19:00:00+00,gdelt,13
2026-03-17 19:00:00+00,rss,74
2026-03-17 19:00:00+00,rss_security,3
2026-03-17 19:00:00+00,telegram,2
2026-03-17 20:00:00+00,ais,2586
2026-03-17 20:00:00+00,defense_rss,1
2026-03-17 20:00:00+00,rss,60
2026-03-17 20:00:00+00,rss_security,2
2026-03-17 20:00:00+00,telegram,3
2026-03-17 21:00:00+00,ais,2586
2026-03-17 21:00:00+00,defense_rss,2
2026-03-17 21:00:00+00,gdelt,1
2026-03-17 21:00:00+00,rss,49
2026-03-17 21:00:00+00,rss_security,4
2026-03-17 22:00:00+00,ais,2586
2026-03-17 22:00:00+00,gdelt,3
2026-03-17 22:00:00+00,rss,37
2026-03-17 23:00:00+00,ais,2586
2026-03-17 23:00:00+00,balloon,3
2026-03-17 23:00:00+00,gdelt,35
2026-03-17 23:00:00+00,rss,40
2026-03-18 00:00:00+00,ais,2586
2026-03-18 00:00:00+00,balloon,4
2026-03-18 00:00:00+00,deepstate,10
2026-03-18 00:00:00+00,firms,60
2026-03-18 00:00:00+00,gdelt,1
2026-03-18 00:00:00+00,rss,40
2026-03-18 01:00:00+00,ais,2586
2026-03-18 01:00:00+00,balloon,3
2026-03-18 01:00:00+00,energy,1
2026-03-18 01:00:00+00,rss,41
2026-03-18 02:00:00+00,ais,2586
2026-03-18 02:00:00+00,gdelt,2
2026-03-18 02:00:00+00,rss,59
2026-03-18 03:00:00+00,ais,2586
2026-03-18 03:00:00+00,gdelt,28
2026-03-18 03:00:00+00,rss,64
2026-03-18 04:00:00+00,ais,2586
2026-03-18 04:00:00+00,defense_rss,1
2026-03-18 04:00:00+00,gdelt,2
2026-03-18 04:00:00+00,osint_milbase,3
2026-03-18 04:00:00+00,rss,84
2026-03-18 04:00:00+00,rss_security,2
2026-03-18 04:00:00+00,sentinel,6
2026-03-18 05:00:00+00,ais,2586
2026-03-18 05:00:00+00,balloon,1
2026-03-18 05:00:00+00,business,3
2026-03-18 05:00:00+00,osint_perplexity,3
2026-03-18 05:00:00+00,rss,109
2026-03-18 05:00:00+00,ru_legislation,1
2026-03-18 05:00:00+00,sentinel,2
2026-03-18 05:00:00+00,telegram,3
2026-03-18 06:00:00+00,ais,2586
2026-03-18 06:00:00+00,balloon,4
2026-03-18 06:00:00+00,gdelt,12
2026-03-18 06:00:00+00,rss,124
2026-03-18 06:00:00+00,telegram,6
2026-03-18 07:00:00+00,ais,2586
2026-03-18 07:00:00+00,balloon,12
2026-03-18 07:00:00+00,business,1
2026-03-18 07:00:00+00,defense_rss,2
2026-03-18 07:00:00+00,gdelt,38
2026-03-18 07:00:00+00,rss,158
2026-03-18 07:00:00+00,rss_security,5
2026-03-18 07:00:00+00,telegram,5
2026-03-18 08:00:00+00,adsb,2
2026-03-18 08:00:00+00,ais,2586
2026-03-18 08:00:00+00,balloon,8
2026-03-18 08:00:00+00,defense_rss,1
2026-03-18 08:00:00+00,rss,103
2026-03-18 08:00:00+00,rss_security,1
2026-03-18 08:00:00+00,telegram,5
2026-03-18 09:00:00+00,adsb,1
2026-03-18 09:00:00+00,ais,2586
2026-03-18 09:00:00+00,balloon,6
2026-03-18 09:00:00+00,business,1
2026-03-18 09:00:00+00,gdelt,2
2026-03-18 09:00:00+00,rss,194
2026-03-18 09:00:00+00,rss_security,2
2026-03-18 09:00:00+00,telegram,4
2026-03-18 09:00:00+00,telegram_channel,1
2026-03-18 10:00:00+00,adsb,2
2026-03-18 10:00:00+00,ais,2586
2026-03-18 10:00:00+00,balloon,2
2026-03-18 10:00:00+00,firms,30
2026-03-18 10:00:00+00,gdelt,20
2026-03-18 10:00:00+00,rss,142
2026-03-18 10:00:00+00,rss_security,2
2026-03-18 10:00:00+00,telegram,5
2026-03-18 11:00:00+00,ais,2586
2026-03-18 11:00:00+00,balloon,9
2026-03-18 11:00:00+00,business,1
2026-03-18 11:00:00+00,defense_rss,1
2026-03-18 11:00:00+00,firms,50
2026-03-18 11:00:00+00,gdelt,14
2026-03-18 11:00:00+00,rss,161
2026-03-18 11:00:00+00,rss_security,4
2026-03-18 11:00:00+00,telegram,6
2026-03-18 12:00:00+00,adsb,2
2026-03-18 12:00:00+00,ais,2586
2026-03-18 12:00:00+00,balloon,9
2026-03-18 12:00:00+00,gpsjam,13
2026-03-18 12:00:00+00,rss,121
2026-03-18 12:00:00+00,rss_security,3
2026-03-18 12:00:00+00,telegram,4
2026-03-18 12:00:00+00,telegram_channel,2
2026-03-18 13:00:00+00,adsb,2
2026-03-18 13:00:00+00,ais,2586
2026-03-18 13:00:00+00,balloon,5
2026-03-18 13:00:00+00,defense_rss,2
2026-03-18 13:00:00+00,gdelt,9
2026-03-18 13:00:00+00,rss,134
2026-03-18 13:00:00+00,rss_security,5
2026-03-18 13:00:00+00,telegram,4
2026-03-18 13:00:00+00,telegram_channel,2
2026-03-18 14:00:00+00,adsb,2
2026-03-18 14:00:00+00,ais,2586
2026-03-18 14:00:00+00,defense_rss,7
2026-03-18 14:00:00+00,gdelt,4
2026-03-18 14:00:00+00,rss,152
2026-03-18 14:00:00+00,rss_security,17
2026-03-18 14:00:00+00,telegram,6
2026-03-18 14:00:00+00,telegram_channel,7
2026-03-18 15:00:00+00,ais,2586
2026-03-18 15:00:00+00,gdelt,6
2026-03-18 15:00:00+00,rss,191
2026-03-18 15:00:00+00,sentinel,5
2026-03-18 15:00:00+00,telegram,6
2026-03-18 16:00:00+00,ais,2586
2026-03-18 16:00:00+00,rss,153
2026-03-18 16:00:00+00,rss_security,2
2026-03-18 16:00:00+00,sentinel,3
2026-03-18 16:00:00+00,telegram,5
2026-03-18 16:00:00+00,telegram_channel,1
2026-03-18 17:00:00+00,ais,2586
2026-03-18 17:00:00+00,business,3
2026-03-18 17:00:00+00,defense_rss,1
2026-03-18 17:00:00+00,gdelt,4
2026-03-18 17:00:00+00,rss,115
2026-03-18 17:00:00+00,rss_security,3
2026-03-18 17:00:00+00,telegram,6
2026-03-18 18:00:00+00,ais,2586
2026-03-18 18:00:00+00,business,1
2026-03-18 18:00:00+00,deepstate,1
2026-03-18 18:00:00+00,gdelt,6
2026-03-18 18:00:00+00,rss,93
2026-03-18 18:00:00+00,rss_security,2
2026-03-18 18:00:00+00,telegram,5
2026-03-18 18:00:00+00,telegram_channel,2
2026-03-18 19:00:00+00,ais,2586
2026-03-18 19:00:00+00,business,2
2026-03-18 19:00:00+00,defense_rss,5
2026-03-18 19:00:00+00,gdelt,7
2026-03-18 19:00:00+00,rss,98
2026-03-18 19:00:00+00,rss_security,9
2026-03-18 19:00:00+00,telegram,4
2026-03-18 20:00:00+00,ais,2586
2026-03-18 20:00:00+00,defense_rss,3
2026-03-18 20:00:00+00,gdelt,2
2026-03-18 20:00:00+00,rss,80
2026-03-18 20:00:00+00,rss_security,8
2026-03-18 20:00:00+00,telegram,3
2026-03-18 20:00:00+00,youtube_transcript,1
2026-03-18 21:00:00+00,ais,2586
2026-03-18 21:00:00+00,defense_rss,2
2026-03-18 21:00:00+00,rss,64
2026-03-18 21:00:00+00,rss_security,2
2026-03-18 22:00:00+00,ais,2586
2026-03-18 22:00:00+00,defense_rss,3
2026-03-18 22:00:00+00,gdelt,12
2026-03-18 22:00:00+00,rss,47
2026-03-18 22:00:00+00,rss_security,6
2026-03-18 23:00:00+00,ais,2586
2026-03-18 23:00:00+00,balloon,3
2026-03-18 23:00:00+00,defense_rss,6
2026-03-18 23:00:00+00,gdelt,13
2026-03-18 23:00:00+00,rss,47
2026-03-18 23:00:00+00,rss_security,4
2026-03-19 00:00:00+00,ais,2586
2026-03-19 00:00:00+00,balloon,4
2026-03-19 00:00:00+00,deepstate,10
2026-03-19 00:00:00+00,firms,100
2026-03-19 00:00:00+00,rss,32
2026-03-19 00:00:00+00,rss_security,2
2026-03-19 01:00:00+00,ais,2586
2026-03-19 01:00:00+00,balloon,1
2026-03-19 01:00:00+00,energy,1
2026-03-19 01:00:00+00,gdelt,2
2026-03-19 01:00:00+00,rss,38
2026-03-19 02:00:00+00,ais,2586
2026-03-19 02:00:00+00,balloon,1
2026-03-19 02:00:00+00,business,1
2026-03-19 02:00:00+00,gdelt,6
2026-03-19 02:00:00+00,rss,61
2026-03-19 03:00:00+00,ais,2586
2026-03-19 03:00:00+00,gdelt,17
2026-03-19 03:00:00+00,rss,54
2026-03-19 04:00:00+00,ais,2586
2026-03-19 04:00:00+00,gdelt,1
2026-03-19 04:00:00+00,osint_milbase,3
2026-03-19 04:00:00+00,rss,93
2026-03-19 04:00:00+00,sentinel,4
2026-03-19 05:00:00+00,ais,2586
2026-03-19 05:00:00+00,balloon,3
2026-03-19 05:00:00+00,osint_perplexity,3
2026-03-19 05:00:00+00,rss,116
2026-03-19 05:00:00+00,ru_legislation,1
2026-03-19 05:00:00+00,sentinel,4
2026-03-19 05:00:00+00,telegram,2
2026-03-19 06:00:00+00,ais,2586
2026-03-19 06:00:00+00,balloon,4
2026-03-19 06:00:00+00,gdelt,13
2026-03-19 06:00:00+00,rss,77
2026-03-19 06:00:00+00,telegram,6
2026-03-19 06:00:00+00,telegram_channel,2
2026-03-19 07:00:00+00,ais,2586
2026-03-19 07:00:00+00,balloon,5
2026-03-19 07:00:00+00,defense_rss,2
2026-03-19 07:00:00+00,gdelt,12
2026-03-19 07:00:00+00,rss,101
2026-03-19 07:00:00+00,rss_security,5
2026-03-19 07:00:00+00,telegram,7
2026-03-19 07:00:00+00,telegram_channel,1
2026-03-19 08:00:00+00,adsb,2
2026-03-19 08:00:00+00,ais,2586
2026-03-19 08:00:00+00,balloon,2
2026-03-19 08:00:00+00,business,4
2026-03-19 08:00:00+00,defense_rss,1
2026-03-19 08:00:00+00,gdelt,4
2026-03-19 08:00:00+00,rss,137
2026-03-19 08:00:00+00,rss_security,3
2026-03-19 08:00:00+00,telegram,3
2026-03-19 08:00:00+00,telegram_channel,1
2026-03-19 09:00:00+00,adsb,2
2026-03-19 09:00:00+00,ais,2586
2026-03-19 09:00:00+00,balloon,6
2026-03-19 09:00:00+00,defense_rss,1
2026-03-19 09:00:00+00,gdelt,2
2026-03-19 09:00:00+00,rss,200
2026-03-19 09:00:00+00,space_weather,1
2026-03-19 09:00:00+00,telegram,4
2026-03-19 10:00:00+00,adsb,3
2026-03-19 10:00:00+00,ais,2586
2026-03-19 10:00:00+00,balloon,6
2026-03-19 10:00:00+00,business,1
2026-03-19 10:00:00+00,gdelt,9
2026-03-19 10:00:00+00,rss,158
2026-03-19 10:00:00+00,telegram,5
2026-03-19 11:00:00+00,ais,2586
2026-03-19 11:00:00+00,balloon,14
2026-03-19 11:00:00+00,defense_rss,2
2026-03-19 11:00:00+00,firms,30
2026-03-19 11:00:00+00,gdelt,8
2026-03-19 11:00:00+00,rss,180
2026-03-19 11:00:00+00,rss_security,2
2026-03-19 11:00:00+00,telegram,5
2026-03-19 11:00:00+00,telegram_channel,2
2026-03-19 12:00:00+00,adsb,1
2026-03-19 12:00:00+00,ais,2586
2026-03-19 12:00:00+00,balloon,22
2026-03-19 12:00:00+00,business,4
2026-03-19 12:00:00+00,gpsjam,17
2026-03-19 12:00:00+00,rss,123
2026-03-19 12:00:00+00,rss_security,1
2026-03-19 12:00:00+00,space_weather,1
2026-03-19 12:00:00+00,telegram,7
2026-03-19 12:00:00+00,telegram_channel,5
2026-03-19 13:00:00+00,adsb,2
2026-03-19 13:00:00+00,ais,2586
2026-03-19 13:00:00+00,balloon,41
2026-03-19 13:00:00+00,defense_rss,6
2026-03-19 13:00:00+00,rss,123
2026-03-19 13:00:00+00,rss_security,7
2026-03-19 13:00:00+00,telegram,5
2026-03-19 13:00:00+00,telegram_channel,4
2026-03-19 14:00:00+00,adsb,1
2026-03-19 14:00:00+00,ais,2586
2026-03-19 14:00:00+00,balloon,18
2026-03-19 14:00:00+00,defense_rss,3
2026-03-19 14:00:00+00,gdelt,21
2026-03-19 14:00:00+00,rss,140
2026-03-19 14:00:00+00,rss_security,2
2026-03-19 14:00:00+00,telegram,5
2026-03-19 14:00:00+00,telegram_channel,4
2026-03-19 14:00:00+00,youtube_transcript,1
2026-03-19 15:00:00+00,ais,2586
2026-03-19 15:00:00+00,balloon,7
2026-03-19 15:00:00+00,conflict,1
2026-03-19 15:00:00+00,defense_rss,4
2026-03-19 15:00:00+00,gdelt,4
2026-03-19 15:00:00+00,rss,196
2026-03-19 15:00:00+00,rss_security,2
2026-03-19 15:00:00+00,sentinel,5
2026-03-19 15:00:00+00,space_weather,1
2026-03-19 15:00:00+00,telegram,7
2026-03-19 15:00:00+00,telegram_channel,6
2026-03-19 16:00:00+00,ais,2586
2026-03-19 16:00:00+00,balloon,4
2026-03-19 16:00:00+00,defense_rss,1
2026-03-19 16:00:00+00,rss,171
2026-03-19 16:00:00+00,sentinel,6
2026-03-19 16:00:00+00,telegram,8
2026-03-19 16:00:00+00,telegram_channel,4
2026-03-19 16:00:00+00,youtube_transcript,1
2026-03-19 17:00:00+00,ais,2586
2026-03-19 17:00:00+00,balloon,3
2026-03-19 17:00:00+00,defense_rss,4
2026-03-19 17:00:00+00,rss,126
2026-03-19 17:00:00+00,rss_security,2
2026-03-19 17:00:00+00,telegram,6
2026-03-19 17:00:00+00,telegram_channel,12
2026-03-19 18:00:00+00,ais,2586
2026-03-19 18:00:00+00,balloon,3
2026-03-19 18:00:00+00,deepstate,2
2026-03-19 18:00:00+00,defense_rss,7
2026-03-19 18:00:00+00,rss,123
2026-03-19 18:00:00+00,rss_security,6
2026-03-19 18:00:00+00,space_weather,1
2026-03-19 18:00:00+00,telegram,6
2026-03-19 18:00:00+00,telegram_channel,6
2026-03-19 18:00:00+00,youtube_transcript,1
2026-03-19 19:00:00+00,ais,2586
2026-03-19 19:00:00+00,balloon,7
2026-03-19 19:00:00+00,defense_rss,9
2026-03-19 19:00:00+00,gdelt,24
2026-03-19 19:00:00+00,rss,83
2026-03-19 19:00:00+00,rss_security,6
2026-03-19 19:00:00+00,telegram,4
2026-03-19 19:00:00+00,telegram_channel,3
2026-03-19 19:00:00+00,youtube_transcript,1
2026-03-19 20:00:00+00,ais,2586
2026-03-19 20:00:00+00,balloon,3
2026-03-19 20:00:00+00,defense_rss,13
2026-03-19 20:00:00+00,gdelt,1
2026-03-19 20:00:00+00,rss,62
2026-03-19 20:00:00+00,rss_security,14
2026-03-19 20:00:00+00,telegram,2
2026-03-19 20:00:00+00,telegram_channel,4
2026-03-19 20:00:00+00,youtube_transcript,1
2026-03-19 21:00:00+00,ais,2586
2026-03-19 21:00:00+00,balloon,3
2026-03-19 21:00:00+00,defense_rss,3
2026-03-19 21:00:00+00,rss,48
2026-03-19 21:00:00+00,space_weather,1
2026-03-19 21:00:00+00,telegram_channel,4
2026-03-19 22:00:00+00,ais,2586
2026-03-19 22:00:00+00,balloon,1
2026-03-19 22:00:00+00,defense_rss,5
2026-03-19 22:00:00+00,rss,36
2026-03-19 22:00:00+00,rss_security,10
2026-03-19 22:00:00+00,telegram_channel,1
2026-03-19 23:00:00+00,ais,2586
2026-03-19 23:00:00+00,balloon,5
2026-03-19 23:00:00+00,defense_rss,1
2026-03-19 23:00:00+00,rss,35
2026-03-19 23:00:00+00,rss_security,2
2026-03-20 00:00:00+00,ais,2586
2026-03-20 00:00:00+00,balloon,15
2026-03-20 00:00:00+00,deepstate,10
2026-03-20 00:00:00+00,defense_rss,1
2026-03-20 00:00:00+00,firms,16
2026-03-20 00:00:00+00,rss,45
2026-03-20 00:00:00+00,rss_security,2
2026-03-20 00:00:00+00,space_weather,1
2026-03-20 01:00:00+00,ais,2586
2026-03-20 01:00:00+00,balloon,51
2026-03-20 01:00:00+00,energy,1
2026-03-20 01:00:00+00,gdelt,1
2026-03-20 01:00:00+00,rss,42
2026-03-20 02:00:00+00,ais,2586
2026-03-20 02:00:00+00,balloon,17
2026-03-20 02:00:00+00,business,1
2026-03-20 02:00:00+00,gdelt,10
2026-03-20 02:00:00+00,rss,73
2026-03-20 03:00:00+00,ais,2586
2026-03-20 03:00:00+00,gdelt,9
2026-03-20 03:00:00+00,rss,60
2026-03-20 03:00:00+00,space_weather,1
2026-03-20 03:00:00+00,telegram_channel,1
2026-03-20 03:00:00+00,youtube,3
2026-03-20 04:00:00+00,ais,2586
2026-03-20 04:00:00+00,balloon,1
2026-03-20 04:00:00+00,business,1
2026-03-20 04:00:00+00,defense_rss,1
2026-03-20 04:00:00+00,osint_milbase,3
2026-03-20 04:00:00+00,rss,116
2026-03-20 04:00:00+00,sentinel,3
2026-03-20 04:00:00+00,telegram_channel,1
2026-03-20 05:00:00+00,ais,2586
2026-03-20 05:00:00+00,balloon,3
2026-03-20 05:00:00+00,mastodon,1
2026-03-20 05:00:00+00,osint_perplexity,3
2026-03-20 05:00:00+00,rss,120
2026-03-20 05:00:00+00,ru_legislation,1
2026-03-20 05:00:00+00,sentinel,3
2026-03-20 05:00:00+00,telegram,3
2026-03-20 05:00:00+00,telegram_channel,5
2026-03-20 06:00:00+00,ais,2586
2026-03-20 06:00:00+00,balloon,6
2026-03-20 06:00:00+00,business,2
2026-03-20 06:00:00+00,rss,153
2026-03-20 06:00:00+00,space_weather,1
2026-03-20 06:00:00+00,telegram,6
2026-03-20 06:00:00+00,telegram_channel,11
2026-03-20 07:00:00+00,ais,2586
2026-03-20 07:00:00+00,balloon,15
2026-03-20 07:00:00+00,defense_rss,2
2026-03-20 07:00:00+00,gdelt,1
2026-03-20 07:00:00+00,rss,160
2026-03-20 07:00:00+00,rss_security,4
2026-03-20 07:00:00+00,telegram,7
2026-03-20 07:00:00+00,telegram_channel,16
2026-03-20 08:00:00+00,ais,2586
2026-03-20 08:00:00+00,balloon,14
2026-03-20 08:00:00+00,business,1
2026-03-20 08:00:00+00,defense_rss,1
2026-03-20 08:00:00+00,gdelt,1
2026-03-20 08:00:00+00,radiation,1
2026-03-20 08:00:00+00,rss,171
2026-03-20 08:00:00+00,rss_security,5
2026-03-20 08:00:00+00,telegram,4
2026-03-20 08:00:00+00,telegram_channel,22
2026-03-20 08:00:00+00,youtube,1
2026-03-20 09:00:00+00,ais,2586
2026-03-20 09:00:00+00,balloon,2
2026-03-20 09:00:00+00,business,1
2026-03-20 09:00:00+00,energy,1
2026-03-20 09:00:00+00,gdelt,2
2026-03-20 09:00:00+00,mastodon,1
2026-03-20 09:00:00+00,rss,205
2026-03-20 09:00:00+00,rss_security,2
2026-03-20 09:00:00+00,space_weather,1
2026-03-20 09:00:00+00,telegram,5
2026-03-20 09:00:00+00,telegram_channel,19
2026-03-20 09:00:00+00,youtube,1
2026-03-20 10:00:00+00,ais,2586
2026-03-20 10:00:00+00,defense_rss,1
2026-03-20 10:00:00+00,energy,1
2026-03-20 10:00:00+00,gdelt,11
2026-03-20 10:00:00+00,rss,307
2026-03-20 10:00:00+00,rss_security,5
2026-03-20 10:00:00+00,telegram,6
2026-03-20 10:00:00+00,telegram_channel,34
2026-03-20 10:00:00+00,youtube,2
2026-03-20 11:00:00+00,adsb,52
2026-03-20 11:00:00+00,ais,2586
2026-03-20 11:00:00+00,balloon,54
2026-03-20 11:00:00+00,business,1
2026-03-20 11:00:00+00,defense_rss,2
2026-03-20 11:00:00+00,energy,1
2026-03-20 11:00:00+00,firms,29
2026-03-20 11:00:00+00,gdelt,11
2026-03-20 11:00:00+00,mastodon,2
2026-03-20 11:00:00+00,radiation,1
2026-03-20 11:00:00+00,rss,325
2026-03-20 11:00:00+00,rss_security,2
2026-03-20 11:00:00+00,telegram,7
2026-03-20 11:00:00+00,telegram_channel,49
2026-03-20 11:00:00+00,youtube,2
2026-03-20 12:00:00+00,adsb,226
2026-03-20 12:00:00+00,ais,2586
2026-03-20 12:00:00+00,balloon,21
2026-03-20 12:00:00+00,conflict,1
2026-03-20 12:00:00+00,deepstate,1
2026-03-20 12:00:00+00,defense_rss,4
2026-03-20 12:00:00+00,embassy,6
2026-03-20 12:00:00+00,energy,1
2026-03-20 12:00:00+00,gpsjam,11
2026-03-20 12:00:00+00,mastodon,1
2026-03-20 12:00:00+00,osint_perplexity,5
2026-03-20 12:00:00+00,radiation,250
2026-03-20 12:00:00+00,railway,1
2026-03-20 12:00:00+00,rss,128
2026-03-20 12:00:00+00,rss_security,2
2026-03-20 12:00:00+00,seismic,1
2026-03-20 12:00:00+00,sentinel,1
2026-03-20 12:00:00+00,space_weather,1
2026-03-20 12:00:00+00,stats,2
2026-03-20 12:00:00+00,telegram,1
2026-03-20 12:00:00+00,telegram_channel,58
2026-03-20 12:00:00+00,youtube,1
2026-03-20 13:00:00+00,adsb,275
2026-03-20 13:00:00+00,balloon,53
2026-03-20 13:00:00+00,defense_rss,3
2026-03-20 13:00:00+00,energy,1
2026-03-20 13:00:00+00,notam,16
2026-03-20 13:00:00+00,rss,192
2026-03-20 13:00:00+00,rss_security,4
2026-03-20 13:00:00+00,telegram_channel,57
2026-03-20 14:00:00+00,adsb,268
2026-03-20 14:00:00+00,balloon,12
2026-03-20 14:00:00+00,defense_rss,12
2026-03-20 14:00:00+00,energy,1
2026-03-20 14:00:00+00,rss,151
2026-03-20 14:00:00+00,rss_security,13
2026-03-20 14:00:00+00,telegram_channel,62
2026-03-20 14:00:00+00,youtube_transcript,1
2026-03-20 15:00:00+00,adsb,283
2026-03-20 15:00:00+00,balloon,3
2026-03-20 15:00:00+00,defense_rss,6
2026-03-20 15:00:00+00,energy,1
2026-03-20 15:00:00+00,radiation,250
2026-03-20 15:00:00+00,rss,175
2026-03-20 15:00:00+00,rss_security,6
2026-03-20 15:00:00+00,sentinel,3
2026-03-20 15:00:00+00,space_weather,1
2026-03-20 15:00:00+00,telegram_channel,24
2026-03-20 16:00:00+00,adsb,210
2026-03-20 16:00:00+00,balloon,1
2026-03-20 16:00:00+00,business,2
2026-03-20 16:00:00+00,defense_rss,2
2026-03-20 16:00:00+00,energy,1
2026-03-20 16:00:00+00,rss,141
2026-03-20 16:00:00+00,rss_security,5
2026-03-20 16:00:00+00,sentinel,4
2026-03-20 16:00:00+00,telegram_channel,7
2026-03-20 16:00:00+00,youtube_transcript,1
2026-03-20 17:00:00+00,adsb,168
2026-03-20 17:00:00+00,balloon,2
2026-03-20 17:00:00+00,defense_rss,1
2026-03-20 17:00:00+00,energy,1
2026-03-20 17:00:00+00,rss,114
2026-03-20 17:00:00+00,rss_security,3
2026-03-20 17:00:00+00,telegram_channel,7
2026-03-20 18:00:00+00,adsb,146
2026-03-20 18:00:00+00,balloon,9
2026-03-20 18:00:00+00,conflict,2
2026-03-20 18:00:00+00,defense_rss,2
2026-03-20 18:00:00+00,energy,1
2026-03-20 18:00:00+00,rss,86
2026-03-20 18:00:00+00,rss_security,5
2026-03-20 18:00:00+00,space_weather,1
2026-03-20 18:00:00+00,telegram_channel,6
2026-03-20 19:00:00+00,adsb,175
2026-03-20 19:00:00+00,balloon,8
2026-03-20 19:00:00+00,defense_rss,2
2026-03-20 19:00:00+00,energy,1
2026-03-20 19:00:00+00,rss,84
2026-03-20 19:00:00+00,rss_security,5
2026-03-20 19:00:00+00,telegram_channel,4
2026-03-20 20:00:00+00,adsb,193
2026-03-20 20:00:00+00,balloon,5
2026-03-20 20:00:00+00,energy,5
2026-03-20 20:00:00+00,rss,74
2026-03-20 20:00:00+00,rss_security,1
2026-03-20 20:00:00+00,telegram_channel,8
2026-03-20 21:00:00+00,adsb,177
2026-03-20 21:00:00+00,balloon,2
2026-03-20 21:00:00+00,energy,5
2026-03-20 21:00:00+00,radiation,250
2026-03-20 21:00:00+00,rss,34
2026-03-20 21:00:00+00,space_weather,1
2026-03-20 22:00:00+00,adsb,72
2026-03-20 22:00:00+00,balloon,1
2026-03-20 22:00:00+00,defense_rss,1
2026-03-20 22:00:00+00,energy,1
2026-03-20 22:00:00+00,rss,8
2026-03-20 22:00:00+00,rss_security,2
2026-03-20 23:00:00+00,adsb,48
2026-03-20 23:00:00+00,balloon,5
2026-03-20 23:00:00+00,defense_rss,3
2026-03-20 23:00:00+00,energy,1
2026-03-20 23:00:00+00,rss,4
2026-03-20 23:00:00+00,rss_security,3
2026-03-21 00:00:00+00,adsb,26
2026-03-21 00:00:00+00,balloon,26
2026-03-21 00:00:00+00,energy,1
2026-03-21 00:00:00+00,rss,6
2026-03-21 00:00:00+00,space_weather,1
2026-03-21 01:00:00+00,adsb,20
2026-03-21 01:00:00+00,balloon,100
2026-03-21 01:00:00+00,energy,1
2026-03-21 01:00:00+00,rss,6
2026-03-21 02:00:00+00,adsb,45
2026-03-21 02:00:00+00,balloon,22
2026-03-21 02:00:00+00,energy,1
2026-03-21 02:00:00+00,rss,4
2026-03-21 03:00:00+00,adsb,44
2026-03-21 03:00:00+00,balloon,3
2026-03-21 03:00:00+00,business,1
2026-03-21 03:00:00+00,energy,1
2026-03-21 03:00:00+00,radiation,250
2026-03-21 03:00:00+00,rss,7
2026-03-21 03:00:00+00,space_weather,1
2026-03-21 03:00:00+00,telegram_channel,1
2026-03-21 04:00:00+00,adsb,59
2026-03-21 04:00:00+00,energy,1
2026-03-21 04:00:00+00,rss,21
2026-03-21 04:00:00+00,sentinel,10
2026-03-21 04:00:00+00,telegram_channel,1
2026-03-21 05:00:00+00,adsb,111
2026-03-21 05:00:00+00,balloon,7
2026-03-21 05:00:00+00,business,1
2026-03-21 05:00:00+00,energy,1
2026-03-21 05:00:00+00,osint_perplexity,5
2026-03-21 05:00:00+00,rss,27
2026-03-21 05:00:00+00,sentinel,1
2026-03-21 05:00:00+00,telegram_channel,4
2026-03-21 06:00:00+00,adsb,155
2026-03-21 06:00:00+00,balloon,5
2026-03-21 06:00:00+00,energy,1
2026-03-21 06:00:00+00,rss,43
2026-03-21 06:00:00+00,space_weather,1
2026-03-21 06:00:00+00,telegram_channel,8
2026-03-21 07:00:00+00,adsb,134
2026-03-21 07:00:00+00,balloon,9
2026-03-21 07:00:00+00,business,1
2026-03-21 07:00:00+00,energy,1
2026-03-21 07:00:00+00,rss,58
2026-03-21 07:00:00+00,rss_security,1
2026-03-21 07:00:00+00,telegram_channel,15
2026-03-21 07:00:00+00,youtube_transcript,1
2026-03-21 08:00:00+00,adsb,182
2026-03-21 08:00:00+00,balloon,1
2026-03-21 08:00:00+00,energy,1
2026-03-21 08:00:00+00,rss,74
2026-03-21 08:00:00+00,telegram_channel,12
2026-03-21 09:00:00+00,adsb,191
2026-03-21 09:00:00+00,balloon,2
2026-03-21 09:00:00+00,energy,1
2026-03-21 09:00:00+00,radiation,250
2026-03-21 09:00:00+00,rss,116
2026-03-21 09:00:00+00,space_weather,1
2026-03-21 09:00:00+00,telegram_channel,18
2026-03-21 10:00:00+00,adsb,190
2026-03-21 10:00:00+00,balloon,3
2026-03-21 10:00:00+00,business,1
2026-03-21 10:00:00+00,energy,5
2026-03-21 10:00:00+00,firms,102
2026-03-21 10:00:00+00,rss,121
2026-03-21 10:00:00+00,telegram_channel,14
2026-03-21 11:00:00+00,adsb,177
2026-03-21 11:00:00+00,balloon,3
2026-03-21 11:00:00+00,energy,5
2026-03-21 11:00:00+00,rss,105
2026-03-21 11:00:00+00,telegram_channel,27
2026-03-21 12:00:00+00,adsb,106
2026-03-21 12:00:00+00,balloon,73
2026-03-21 12:00:00+00,energy,5
2026-03-21 12:00:00+00,firms,5
2026-03-21 12:00:00+00,radiation,250
2026-03-21 12:00:00+00,rss,113
2026-03-21 12:00:00+00,space_weather,1
2026-03-21 12:00:00+00,telegram_channel,29
2026-03-21 13:00:00+00,adsb,278
2026-03-21 13:00:00+00,ais,500
2026-03-21 13:00:00+00,balloon,102
2026-03-21 13:00:00+00,energy,5
2026-03-21 13:00:00+00,radiation,250
2026-03-21 13:00:00+00,rss,122
2026-03-21 13:00:00+00,telegram_channel,39
2026-03-21 14:00:00+00,adsb,280
2026-03-21 14:00:00+00,ais,6000
2026-03-21 14:00:00+00,balloon,17
2026-03-21 14:00:00+00,energy,1
2026-03-21 14:00:00+00,rss,115
2026-03-21 14:00:00+00,telegram_channel,34
2026-03-21 14:00:00+00,youtube_transcript,1
2026-03-21 15:00:00+00,adsb,241
2026-03-21 15:00:00+00,ais,6000
2026-03-21 15:00:00+00,balloon,4
2026-03-21 15:00:00+00,energy,1
2026-03-21 15:00:00+00,radiation,250
2026-03-21 15:00:00+00,rss,108
2026-03-21 15:00:00+00,space_weather,1
2026-03-21 15:00:00+00,telegram_channel,40
2026-03-21 16:00:00+00,adsb,170
2026-03-21 16:00:00+00,ais,6000
2026-03-21 16:00:00+00,balloon,4
2026-03-21 16:00:00+00,business,1
2026-03-21 16:00:00+00,energy,5
2026-03-21 16:00:00+00,rss,85
2026-03-21 16:00:00+00,sentinel,7
2026-03-21 16:00:00+00,telegram_channel,31
2026-03-21 16:00:00+00,youtube_transcript,1
2026-03-21 17:00:00+00,adsb,89
2026-03-21 17:00:00+00,ais,6000
2026-03-21 17:00:00+00,balloon,2
2026-03-21 17:00:00+00,energy,5
2026-03-21 17:00:00+00,rss,102
2026-03-21 17:00:00+00,telegram_channel,49
2026-03-21 18:00:00+00,adsb,79
2026-03-21 18:00:00+00,ais,5500
2026-03-21 18:00:00+00,balloon,5
2026-03-21 18:00:00+00,deepstate,11
2026-03-21 18:00:00+00,energy,4
2026-03-21 18:00:00+00,rss,113
2026-03-21 18:00:00+00,space_weather,1
2026-03-21 18:00:00+00,telegram_channel,34
2026-03-21 18:00:00+00,youtube_transcript,1
2026-03-21 19:00:00+00,adsb,65
2026-03-21 19:00:00+00,ais,6000
2026-03-21 19:00:00+00,balloon,4
2026-03-21 19:00:00+00,energy,4
2026-03-21 19:00:00+00,rss,96
2026-03-21 19:00:00+00,telegram_channel,32
2026-03-21 20:00:00+00,adsb,87
2026-03-21 20:00:00+00,ais,6000
2026-03-21 20:00:00+00,balloon,3
2026-03-21 20:00:00+00,energy,5
2026-03-21 20:00:00+00,rss,88
2026-03-21 20:00:00+00,telegram_channel,35
2026-03-21 20:00:00+00,youtube_transcript,1
2026-03-21 21:00:00+00,adsb,66
2026-03-21 21:00:00+00,ais,6000
2026-03-21 21:00:00+00,balloon,3
2026-03-21 21:00:00+00,energy,5
2026-03-21 21:00:00+00,radiation,250
2026-03-21 21:00:00+00,rss,64
2026-03-21 21:00:00+00,space_weather,1
2026-03-21 21:00:00+00,telegram_channel,23
2026-03-21 22:00:00+00,adsb,49
2026-03-21 22:00:00+00,ais,6000
2026-03-21 22:00:00+00,energy,4
2026-03-21 22:00:00+00,rss,66
2026-03-21 22:00:00+00,telegram_channel,9
2026-03-21 22:00:00+00,youtube_transcript,1
2026-03-21 23:00:00+00,adsb,38
2026-03-21 23:00:00+00,ais,6000
2026-03-21 23:00:00+00,balloon,4
2026-03-21 23:00:00+00,energy,4
2026-03-21 23:00:00+00,rss,44
2026-03-21 23:00:00+00,satellite_analysis,29
2026-03-21 23:00:00+00,telegram_channel,2
2026-03-22 00:00:00+00,adsb,28
2026-03-22 00:00:00+00,ais,6000
2026-03-22 00:00:00+00,balloon,21
2026-03-22 00:00:00+00,energy,4
2026-03-22 00:00:00+00,rss,49
2026-03-22 00:00:00+00,satellite_analysis,5
2026-03-22 00:00:00+00,space_weather,1
2026-03-22 00:00:00+00,telegram_channel,8
2026-03-22 01:00:00+00,adsb,22
2026-03-22 01:00:00+00,ais,6000
2026-03-22 01:00:00+00,balloon,103
2026-03-22 01:00:00+00,energy,4
2026-03-22 01:00:00+00,rss,48
2026-03-22 01:00:00+00,telegram_channel,4
2026-03-22 02:00:00+00,adsb,26
2026-03-22 02:00:00+00,ais,6000
2026-03-22 02:00:00+00,balloon,21
2026-03-22 02:00:00+00,energy,4
2026-03-22 02:00:00+00,rss,54
2026-03-22 02:00:00+00,telegram_channel,4
2026-03-22 03:00:00+00,adsb,33
2026-03-22 03:00:00+00,ais,6000
2026-03-22 03:00:00+00,balloon,4
2026-03-22 03:00:00+00,energy,4
2026-03-22 03:00:00+00,radiation,250
2026-03-22 03:00:00+00,rss,51
2026-03-22 03:00:00+00,space_weather,1
2026-03-22 03:00:00+00,telegram_channel,3
2026-03-22 04:00:00+00,adsb,59
2026-03-22 04:00:00+00,ais,6000
2026-03-22 04:00:00+00,balloon,2
2026-03-22 04:00:00+00,business,1
2026-03-22 04:00:00+00,energy,4
2026-03-22 04:00:00+00,rss,69
2026-03-22 04:00:00+00,sentinel,3
2026-03-22 04:00:00+00,telegram_channel,4
2026-03-22 05:00:00+00,adsb,90
2026-03-22 05:00:00+00,ais,6000
2026-03-22 05:00:00+00,balloon,6
2026-03-22 05:00:00+00,energy,4
2026-03-22 05:00:00+00,osint_perplexity,5
2026-03-22 05:00:00+00,rss,90
2026-03-22 05:00:00+00,telegram_channel,21
2026-03-22 06:00:00+00,adsb,78
2026-03-22 06:00:00+00,ais,5520
2026-03-22 06:00:00+00,balloon,11
2026-03-22 06:00:00+00,energy,4
2026-03-22 06:00:00+00,rss,117
2026-03-22 06:00:00+00,space_weather,1
2026-03-22 06:00:00+00,telegram_channel,35
2026-03-22 07:00:00+00,adsb,57
2026-03-22 07:00:00+00,ais,5020
2026-03-22 07:00:00+00,balloon,10
2026-03-22 07:00:00+00,energy,4
2026-03-22 07:00:00+00,rss,119
2026-03-22 07:00:00+00,telegram_channel,44
2026-03-22 07:00:00+00,youtube_transcript,1
2026-03-22 08:00:00+00,adsb,104
2026-03-22 08:00:00+00,ais,6000
2026-03-22 08:00:00+00,balloon,1
2026-03-22 08:00:00+00,energy,4
2026-03-22 08:00:00+00,rss,132
2026-03-22 08:00:00+00,telegram_channel,45
2026-03-22 09:00:00+00,adsb,112
2026-03-22 09:00:00+00,ais,6000
2026-03-22 09:00:00+00,balloon,3
2026-03-22 09:00:00+00,energy,4
2026-03-22 09:00:00+00,radiation,250
2026-03-22 09:00:00+00,rss,167
2026-03-22 09:00:00+00,space_weather,1
2026-03-22 09:00:00+00,telegram_channel,45
2026-03-22 10:00:00+00,adsb,111
2026-03-22 10:00:00+00,ais,6000
2026-03-22 10:00:00+00,balloon,1
2026-03-22 10:00:00+00,energy,4
2026-03-22 10:00:00+00,firms,199
2026-03-22 10:00:00+00,rss,136
2026-03-22 10:00:00+00,telegram_channel,44
2026-03-22 11:00:00+00,adsb,106
2026-03-22 11:00:00+00,ais,6000
2026-03-22 11:00:00+00,balloon,3
2026-03-22 11:00:00+00,energy,4
2026-03-22 11:00:00+00,rss,138
2026-03-22 11:00:00+00,telegram_channel,51
2026-03-22 12:00:00+00,adsb,128
2026-03-22 12:00:00+00,ais,5500
2026-03-22 12:00:00+00,balloon,29
2026-03-22 12:00:00+00,energy,4
2026-03-22 12:00:00+00,firms,75
2026-03-22 12:00:00+00,gpsjam,10
2026-03-22 12:00:00+00,rss,113
2026-03-22 12:00:00+00,space_weather,1
2026-03-22 12:00:00+00,telegram_channel,40
2026-03-22 13:00:00+00,adsb,104
2026-03-22 13:00:00+00,ais,5500
2026-03-22 13:00:00+00,balloon,92
2026-03-22 13:00:00+00,energy,4
2026-03-22 13:00:00+00,rss,145
2026-03-22 13:00:00+00,telegram_channel,42
2026-03-22 14:00:00+00,adsb,149
2026-03-22 14:00:00+00,ais,6000
2026-03-22 14:00:00+00,balloon,35
2026-03-22 14:00:00+00,energy,4
2026-03-22 14:00:00+00,rss,133
2026-03-22 14:00:00+00,telegram_channel,43
2026-03-22 15:00:00+00,adsb,151
2026-03-22 15:00:00+00,ais,6000
2026-03-22 15:00:00+00,balloon,4
2026-03-22 15:00:00+00,energy,4
2026-03-22 15:00:00+00,radiation,250
2026-03-22 15:00:00+00,rss,140
2026-03-22 15:00:00+00,space_weather,1
2026-03-22 15:00:00+00,telegram_channel,40
2026-03-22 16:00:00+00,adsb,106
2026-03-22 16:00:00+00,ais,6000
2026-03-22 16:00:00+00,energy,4
2026-03-22 16:00:00+00,rss,91
2026-03-22 16:00:00+00,sentinel,4
2026-03-22 16:00:00+00,telegram_channel,40
2026-03-22 17:00:00+00,adsb,86
2026-03-22 17:00:00+00,ais,6000
2026-03-22 17:00:00+00,balloon,3
2026-03-22 17:00:00+00,energy,4
2026-03-22 17:00:00+00,rss,114
2026-03-22 17:00:00+00,telegram_channel,43
2026-03-22 18:00:00+00,adsb,85
2026-03-22 18:00:00+00,ais,6000
2026-03-22 18:00:00+00,balloon,6
2026-03-22 18:00:00+00,deepstate,11
2026-03-22 18:00:00+00,energy,4
2026-03-22 18:00:00+00,rss,120
2026-03-22 18:00:00+00,space_weather,1
2026-03-22 18:00:00+00,telegram_channel,38
2026-03-22 19:00:00+00,adsb,90
2026-03-22 19:00:00+00,ais,6000
2026-03-22 19:00:00+00,balloon,7
2026-03-22 19:00:00+00,business,1
2026-03-22 19:00:00+00,energy,4
2026-03-22 19:00:00+00,rss,98
2026-03-22 19:00:00+00,telegram_channel,41
2026-03-22 20:00:00+00,adsb,117
2026-03-22 20:00:00+00,ais,6000
2026-03-22 20:00:00+00,balloon,4
2026-03-22 20:00:00+00,business,1
2026-03-22 20:00:00+00,energy,4
2026-03-22 20:00:00+00,radiation,1
2026-03-22 20:00:00+00,rss,66
2026-03-22 20:00:00+00,telegram_channel,32
2026-03-22 21:00:00+00,adsb,69
2026-03-22 21:00:00+00,ais,6000
2026-03-22 21:00:00+00,balloon,5
2026-03-22 21:00:00+00,energy,4
2026-03-22 21:00:00+00,radiation,249
2026-03-22 21:00:00+00,rss,90
2026-03-22 21:00:00+00,space_weather,1
2026-03-22 21:00:00+00,telegram_channel,24
2026-03-22 22:00:00+00,adsb,59
2026-03-22 22:00:00+00,ais,6000
2026-03-22 22:00:00+00,balloon,1
2026-03-22 22:00:00+00,energy,4
2026-03-22 22:00:00+00,rss,73
2026-03-22 22:00:00+00,telegram_channel,12
2026-03-22 23:00:00+00,adsb,43
2026-03-22 23:00:00+00,ais,6000
2026-03-22 23:00:00+00,balloon,4
2026-03-22 23:00:00+00,energy,4
2026-03-22 23:00:00+00,rss,45
2026-03-22 23:00:00+00,telegram_channel,5
2026-03-22 23:00:00+00,youtube_transcript,1
2026-03-23 00:00:00+00,adsb,20
2026-03-23 00:00:00+00,ais,6000
2026-03-23 00:00:00+00,balloon,17
2026-03-23 00:00:00+00,deepstate,11
2026-03-23 00:00:00+00,energy,4
2026-03-23 00:00:00+00,rss,47
2026-03-23 00:00:00+00,space_weather,1
2026-03-23 00:00:00+00,telegram_channel,11
2026-03-23 01:00:00+00,adsb,22
2026-03-23 01:00:00+00,ais,6000
2026-03-23 01:00:00+00,balloon,83
2026-03-23 01:00:00+00,energy,4
2026-03-23 01:00:00+00,rss,59
2026-03-23 01:00:00+00,telegram_channel,2
2026-03-23 02:00:00+00,adsb,37
2026-03-23 02:00:00+00,ais,6000
2026-03-23 02:00:00+00,balloon,21
2026-03-23 02:00:00+00,energy,4
2026-03-23 02:00:00+00,rss,68
2026-03-23 02:00:00+00,telegram_channel,3
2026-03-23 03:00:00+00,adsb,49
2026-03-23 03:00:00+00,ais,6000
2026-03-23 03:00:00+00,balloon,1
2026-03-23 03:00:00+00,energy,4
2026-03-23 03:00:00+00,radiation,250
2026-03-23 03:00:00+00,rss,95
2026-03-23 03:00:00+00,space_weather,1
2026-03-23 03:00:00+00,telegram_channel,5
2026-03-23 04:00:00+00,adsb,72
2026-03-23 04:00:00+00,ais,6000
2026-03-23 04:00:00+00,energy,4
2026-03-23 04:00:00+00,rss,134
2026-03-23 04:00:00+00,sentinel,6
2026-03-23 04:00:00+00,telegram_channel,11
2026-03-23 05:00:00+00,adsb,105
2026-03-23 05:00:00+00,ais,6000
2026-03-23 05:00:00+00,balloon,4
2026-03-23 05:00:00+00,business,1
2026-03-23 05:00:00+00,energy,4
2026-03-23 05:00:00+00,osint_perplexity,5
2026-03-23 05:00:00+00,rss,184
2026-03-23 05:00:00+00,telegram_channel,29
2026-03-23 06:00:00+00,adsb,149
2026-03-23 06:00:00+00,ais,6000
2026-03-23 06:00:00+00,balloon,7
2026-03-23 06:00:00+00,energy,4
2026-03-23 06:00:00+00,rss,138
2026-03-23 06:00:00+00,space_weather,1
2026-03-23 06:00:00+00,telegram_channel,52
2026-03-23 07:00:00+00,adsb,140
2026-03-23 07:00:00+00,ais,6000
2026-03-23 07:00:00+00,balloon,4
2026-03-23 07:00:00+00,energy,4
2026-03-23 07:00:00+00,rss,222
2026-03-23 07:00:00+00,stats,1
2026-03-23 07:00:00+00,telegram_channel,61
2026-03-23 08:00:00+00,adsb,178
2026-03-23 08:00:00+00,ais,3891
2026-03-23 08:00:00+00,balloon,5
2026-03-23 08:00:00+00,energy,4
2026-03-23 08:00:00+00,rss,187
2026-03-23 08:00:00+00,satellite_analysis,9
2026-03-23 08:00:00+00,telegram_channel,59
2026-03-23 08:00:00+00,youtube_transcript,1
2026-03-23 09:00:00+00,adsb,184
2026-03-23 09:00:00+00,ais,6000
2026-03-23 09:00:00+00,balloon,6
2026-03-23 09:00:00+00,energy,4
2026-03-23 09:00:00+00,mastodon,1
2026-03-23 09:00:00+00,radiation,250
2026-03-23 09:00:00+00,rss,339
2026-03-23 09:00:00+00,rss_security,1
2026-03-23 09:00:00+00,space_weather,1
2026-03-23 09:00:00+00,telegram_channel,54
2026-03-23 10:00:00+00,adsb,238
2026-03-23 10:00:00+00,ais,6000
2026-03-23 10:00:00+00,balloon,2
2026-03-23 10:00:00+00,business,1
2026-03-23 10:00:00+00,energy,4
2026-03-23 10:00:00+00,firms,161
2026-03-23 10:00:00+00,mastodon,1
2026-03-23 10:00:00+00,rss,205
2026-03-23 10:00:00+00,rss_security,1
2026-03-23 10:00:00+00,telegram_channel,76
2026-03-23 11:00:00+00,adsb,206
2026-03-23 11:00:00+00,ais,6000
2026-03-23 11:00:00+00,balloon,4
2026-03-23 11:00:00+00,defense_rss,1
2026-03-23 11:00:00+00,energy,4
2026-03-23 11:00:00+00,firms,54
2026-03-23 11:00:00+00,rss,240
2026-03-23 11:00:00+00,rss_security,2
2026-03-23 11:00:00+00,telegram_channel,86
2026-03-23 12:00:00+00,adsb,259
2026-03-23 12:00:00+00,ais,6000
2026-03-23 12:00:00+00,balloon,11
2026-03-23 12:00:00+00,defense_rss,1
2026-03-23 12:00:00+00,energy,4
2026-03-23 12:00:00+00,firms,1
2026-03-23 12:00:00+00,mastodon,1
2026-03-23 12:00:00+00,rss,214
2026-03-23 12:00:00+00,rss_security,1
2026-03-23 12:00:00+00,space_weather,1
2026-03-23 12:00:00+00,telegram_channel,66
2026-03-23 13:00:00+00,adsb,289
2026-03-23 13:00:00+00,ais,6000
2026-03-23 13:00:00+00,balloon,70
2026-03-23 13:00:00+00,defense_rss,2
2026-03-23 13:00:00+00,energy,4
2026-03-23 13:00:00+00,rss,347
2026-03-23 13:00:00+00,rss_security,6
2026-03-23 13:00:00+00,telegram_channel,54
2026-03-23 13:00:00+00,youtube_transcript,1
2026-03-23 14:00:00+00,adsb,274
2026-03-23 14:00:00+00,ais,6000
2026-03-23 14:00:00+00,balloon,10
2026-03-23 14:00:00+00,defense_rss,1
2026-03-23 14:00:00+00,energy,4
2026-03-23 14:00:00+00,mastodon,1
2026-03-23 14:00:00+00,rss,238
2026-03-23 14:00:00+00,telegram_channel,55
2026-03-23 15:00:00+00,adsb,254
2026-03-23 15:00:00+00,ais,6000
2026-03-23 15:00:00+00,balloon,1
2026-03-23 15:00:00+00,defense_rss,5
2026-03-23 15:00:00+00,energy,4
2026-03-23 15:00:00+00,radiation,251
2026-03-23 15:00:00+00,rss,236
2026-03-23 15:00:00+00,rss_security,3
2026-03-23 15:00:00+00,space_weather,1
2026-03-23 15:00:00+00,telegram_channel,60
2026-03-23 15:00:00+00,youtube_transcript,1
2026-03-23 16:00:00+00,adsb,226
2026-03-23 16:00:00+00,ais,6000
2026-03-23 16:00:00+00,business,2
2026-03-23 16:00:00+00,defense_rss,2
2026-03-23 16:00:00+00,energy,4
2026-03-23 16:00:00+00,rss,217
2026-03-23 16:00:00+00,rss_security,1
2026-03-23 16:00:00+00,telegram_channel,62
2026-03-23 17:00:00+00,adsb,142
2026-03-23 17:00:00+00,ais,6000
2026-03-23 17:00:00+00,balloon,4
2026-03-23 17:00:00+00,defense_rss,1
2026-03-23 17:00:00+00,energy,4
2026-03-23 17:00:00+00,rss,194
2026-03-23 17:00:00+00,rss_security,1
2026-03-23 17:00:00+00,telegram_channel,59
2026-03-23 18:00:00+00,adsb,161
2026-03-23 18:00:00+00,ais,6000
2026-03-23 18:00:00+00,balloon,4
2026-03-23 18:00:00+00,defense_rss,1
2026-03-23 18:00:00+00,energy,4
2026-03-23 18:00:00+00,rss,160
2026-03-23 18:00:00+00,rss_security,4
2026-03-23 18:00:00+00,space_weather,1
2026-03-23 18:00:00+00,telegram_channel,58
2026-03-23 19:00:00+00,adsb,165
2026-03-23 19:00:00+00,ais,6000
2026-03-23 19:00:00+00,balloon,6
2026-03-23 19:00:00+00,energy,4
2026-03-23 19:00:00+00,rss,140
2026-03-23 19:00:00+00,rss_security,3
2026-03-23 19:00:00+00,telegram_channel,60
2026-03-23 20:00:00+00,adsb,121
2026-03-23 20:00:00+00,ais,6000
2026-03-23 20:00:00+00,balloon,2
2026-03-23 20:00:00+00,energy,4
2026-03-23 20:00:00+00,rss,110
2026-03-23 20:00:00+00,rss_security,1
2026-03-23 20:00:00+00,telegram_channel,39
2026-03-23 21:00:00+00,adsb,83
2026-03-23 21:00:00+00,ais,6000
2026-03-23 21:00:00+00,balloon,1
2026-03-23 21:00:00+00,energy,4
2026-03-23 21:00:00+00,radiation,251
2026-03-23 21:00:00+00,rss,102
2026-03-23 21:00:00+00,rss_security,1
2026-03-23 21:00:00+00,space_weather,1
2026-03-23 21:00:00+00,telegram_channel,34
2026-03-23 22:00:00+00,adsb,72
2026-03-23 22:00:00+00,ais,6000
2026-03-23 22:00:00+00,balloon,3
2026-03-23 22:00:00+00,energy,4
2026-03-23 22:00:00+00,rss,75
2026-03-23 22:00:00+00,telegram_channel,54
2026-03-23 23:00:00+00,adsb,46
2026-03-23 23:00:00+00,ais,6000
2026-03-23 23:00:00+00,balloon,5
2026-03-23 23:00:00+00,energy,4
2026-03-23 23:00:00+00,rss,69
2026-03-23 23:00:00+00,telegram_channel,7
2026-03-24 00:00:00+00,adsb,21
2026-03-24 00:00:00+00,ais,6000
2026-03-24 00:00:00+00,balloon,15
2026-03-24 00:00:00+00,deepstate,11
2026-03-24 00:00:00+00,energy,4
2026-03-24 00:00:00+00,rss,52
2026-03-24 00:00:00+00,space_weather,1
2026-03-24 00:00:00+00,telegram_channel,28
2026-03-24 01:00:00+00,adsb,21
2026-03-24 01:00:00+00,ais,6000
2026-03-24 01:00:00+00,balloon,86
2026-03-24 01:00:00+00,energy,4
2026-03-24 01:00:00+00,rss,71
2026-03-24 01:00:00+00,telegram_channel,30
2026-03-24 02:00:00+00,adsb,29
2026-03-24 02:00:00+00,ais,6000
2026-03-24 02:00:00+00,balloon,15
2026-03-24 02:00:00+00,business,1
2026-03-24 02:00:00+00,energy,4
2026-03-24 02:00:00+00,rss,89
2026-03-24 02:00:00+00,telegram_channel,29
2026-03-24 03:00:00+00,adsb,55
2026-03-24 03:00:00+00,ais,6000
2026-03-24 03:00:00+00,balloon,3
2026-03-24 03:00:00+00,energy,4
2026-03-24 03:00:00+00,radiation,251
2026-03-24 03:00:00+00,rss,101
2026-03-24 03:00:00+00,space_weather,1
2026-03-24 03:00:00+00,telegram_channel,29
2026-03-24 04:00:00+00,adsb,72
2026-03-24 04:00:00+00,ais,6000
2026-03-24 04:00:00+00,balloon,1
2026-03-24 04:00:00+00,energy,4
2026-03-24 04:00:00+00,rss,157
2026-03-24 04:00:00+00,telegram_channel,15
2026-03-24 05:00:00+00,adsb,142
2026-03-24 05:00:00+00,ais,6000
2026-03-24 05:00:00+00,balloon,3
2026-03-24 05:00:00+00,business,1
2026-03-24 05:00:00+00,energy,4
2026-03-24 05:00:00+00,osint_perplexity,5
2026-03-24 05:00:00+00,rss,188
2026-03-24 05:00:00+00,telegram_channel,30
2026-03-24 06:00:00+00,adsb,180
2026-03-24 06:00:00+00,ais,6000
2026-03-24 06:00:00+00,balloon,8
2026-03-24 06:00:00+00,energy,4
2026-03-24 06:00:00+00,rss,176
2026-03-24 06:00:00+00,space_weather,1
2026-03-24 06:00:00+00,telegram_channel,56
2026-03-24 07:00:00+00,adsb,141
2026-03-24 07:00:00+00,ais,6000
2026-03-24 07:00:00+00,balloon,6
2026-03-24 07:00:00+00,energy,4
2026-03-24 07:00:00+00,rss,308
2026-03-24 07:00:00+00,rss_security,1
2026-03-24 07:00:00+00,telegram_channel,55
2026-03-24 08:00:00+00,adsb,199
2026-03-24 08:00:00+00,ais,6000
2026-03-24 08:00:00+00,balloon,5
2026-03-24 08:00:00+00,business,1
2026-03-24 08:00:00+00,energy,4
2026-03-24 08:00:00+00,rss,187
2026-03-24 08:00:00+00,rss_security,2
2026-03-24 08:00:00+00,satellite_analysis,5
2026-03-24 08:00:00+00,telegram_channel,59
2026-03-24 09:00:00+00,adsb,197
2026-03-24 09:00:00+00,ais,6000
2026-03-24 09:00:00+00,balloon,2
2026-03-24 09:00:00+00,business,1
2026-03-24 09:00:00+00,energy,4
2026-03-24 09:00:00+00,radiation,252
2026-03-24 09:00:00+00,rss,376
2026-03-24 09:00:00+00,rss_security,2
2026-03-24 09:00:00+00,space_weather,1
2026-03-24 09:00:00+00,telegram_channel,69
2026-03-24 10:00:00+00,adsb,209
2026-03-24 10:00:00+00,ais,6000
2026-03-24 10:00:00+00,balloon,3
2026-03-24 10:00:00+00,energy,4
2026-03-24 10:00:00+00,firms,5
2026-03-24 10:00:00+00,rss,216
2026-03-24 10:00:00+00,rss_security,1
2026-03-24 10:00:00+00,telegram_channel,78
2026-03-24 11:00:00+00,adsb,192
2026-03-24 11:00:00+00,ais,6000
2026-03-24 11:00:00+00,balloon,8
2026-03-24 11:00:00+00,energy,4
2026-03-24 11:00:00+00,firms,179
2026-03-24 11:00:00+00,rss,334
2026-03-24 11:00:00+00,telegram_channel,75
2026-03-24 11:00:00+00,youtube_transcript,1
2026-03-24 12:00:00+00,adsb,250
2026-03-24 12:00:00+00,ais,6000
2026-03-24 12:00:00+00,balloon,14
2026-03-24 12:00:00+00,business,1
2026-03-24 12:00:00+00,energy,4
2026-03-24 12:00:00+00,rss,215
2026-03-24 12:00:00+00,rss_security,1
2026-03-24 12:00:00+00,space_weather,1
2026-03-24 12:00:00+00,telegram_channel,80
2026-03-24 13:00:00+00,adsb,193
2026-03-24 13:00:00+00,ais,6000
2026-03-24 13:00:00+00,balloon,68
2026-03-24 13:00:00+00,business,1
2026-03-24 13:00:00+00,energy,4
2026-03-24 13:00:00+00,rss,322
2026-03-24 13:00:00+00,telegram_channel,60
2026-03-24 13:00:00+00,youtube_transcript,1
2026-03-24 14:00:00+00,adsb,212
2026-03-24 14:00:00+00,ais,6000
2026-03-24 14:00:00+00,balloon,22
2026-03-24 14:00:00+00,energy,4
2026-03-24 14:00:00+00,rss,217
2026-03-24 14:00:00+00,rss_security,4
2026-03-24 14:00:00+00,telegram_channel,114
2026-03-24 15:00:00+00,adsb,211
2026-03-24 15:00:00+00,ais,6000
2026-03-24 15:00:00+00,balloon,4
2026-03-24 15:00:00+00,energy,4
2026-03-24 15:00:00+00,radiation,252
2026-03-24 15:00:00+00,rss,262
2026-03-24 15:00:00+00,rss_security,3
2026-03-24 15:00:00+00,space_weather,1
2026-03-24 15:00:00+00,telegram_channel,126
2026-03-24 15:00:00+00,youtube_transcript,1
2026-03-24 16:00:00+00,adsb,164
2026-03-24 16:00:00+00,ais,6000
2026-03-24 16:00:00+00,balloon,3
2026-03-24 16:00:00+00,business,2
2026-03-24 16:00:00+00,energy,4
2026-03-24 16:00:00+00,rss,221
2026-03-24 16:00:00+00,rss_security,3
2026-03-24 16:00:00+00,telegram_channel,86
2026-03-24 17:00:00+00,adsb,148
2026-03-24 17:00:00+00,ais,6000
2026-03-24 17:00:00+00,balloon,8
2026-03-24 17:00:00+00,breaking,1
2026-03-24 17:00:00+00,energy,4
2026-03-24 17:00:00+00,rss,204
2026-03-24 17:00:00+00,telegram_channel,64
2026-03-24 18:00:00+00,adsb,120
2026-03-24 18:00:00+00,ais,6000
2026-03-24 18:00:00+00,balloon,3
2026-03-24 18:00:00+00,energy,4
2026-03-24 18:00:00+00,rss,162
2026-03-24 18:00:00+00,space_weather,1
2026-03-24 18:00:00+00,telegram_channel,71
2026-03-24 19:00:00+00,adsb,128
2026-03-24 19:00:00+00,ais,6000
2026-03-24 19:00:00+00,balloon,3
2026-03-24 19:00:00+00,energy,4
2026-03-24 19:00:00+00,rss,156
2026-03-24 19:00:00+00,rss_security,2
2026-03-24 19:00:00+00,telegram_channel,54
2026-03-24 20:00:00+00,adsb,142
2026-03-24 20:00:00+00,ais,6000
2026-03-24 20:00:00+00,balloon,2
2026-03-24 20:00:00+00,energy,4
2026-03-24 20:00:00+00,rss,77
2026-03-24 20:00:00+00,rss_security,5
2026-03-24 20:00:00+00,telegram_channel,47
2026-03-24 21:00:00+00,adsb,105
2026-03-24 21:00:00+00,ais,6000
2026-03-24 21:00:00+00,balloon,3
2026-03-24 21:00:00+00,energy,4
2026-03-24 21:00:00+00,radiation,253
2026-03-24 21:00:00+00,rss,94
2026-03-24 21:00:00+00,rss_security,3
2026-03-24 21:00:00+00,telegram_channel,29
2026-03-24 22:00:00+00,adsb,55
2026-03-24 22:00:00+00,ais,3500
2026-03-24 22:00:00+00,energy,4
2026-03-24 22:00:00+00,rss,36
2026-03-24 22:00:00+00,rss_security,2
2026-03-24 22:00:00+00,telegram_channel,6
2026-03-24 23:00:00+00,rss,18
2026-03-24 23:00:00+00,rss_security,1
2026-03-25 00:00:00+00,rss,30
2026-03-25 01:00:00+00,breaking,2
2026-03-25 01:00:00+00,rss,24
2026-03-25 02:00:00+00,rss,26
2026-03-25 03:00:00+00,rss,58
2026-03-25 04:00:00+00,rss,110
2026-03-25 05:00:00+00,energy,4
2026-03-25 05:00:00+00,rss,184
2026-03-25 06:00:00+00,adsb,35
2026-03-25 06:00:00+00,ais,500
2026-03-25 06:00:00+00,breaking,1
2026-03-25 06:00:00+00,business,1
2026-03-25 06:00:00+00,energy,4
2026-03-25 06:00:00+00,osint_perplexity,5
2026-03-25 06:00:00+00,rss,221
2026-03-25 07:00:00+00,adsb,37
2026-03-25 07:00:00+00,ais,1000
