site,week_of_year,ndvi_expected,ndvi_std,ndvi_mad,ndvi_robust_std,ndvi_n_years,bsi_expected,bsi_std,bsi_mad,bsi_robust_std,bsi_n_years,ndbi_expected,ndbi_std,ndbi_mad,ndbi_robust_std,ndbi_n_years,fuel_ratio_expected,fuel_ratio_std,fuel_ratio_mad,fuel_ratio_robust_std,fuel_ratio_n_years,metal_ratio_expected,metal_ratio_std,metal_ratio_mad,metal_ratio_robust_std,metal_ratio_n_years
Cherekha,1,0.1734615338537425,0.06676995318463735,0.012149047511837097,0.01801217784104968,3,-0.3524780151338658,0.06091326888294484,0.0019808816812890706,0.002936855180679176,3,-0.6621380448002248,0.14703882884069838,0.00490351289036528,0.007269948211255564,3,0.16504197349798091,0.13804165155032555,0.018537269240841592,0.027483355376471744,3,1.3434133545437108,0.1577707658286024,0.008008373076370257,0.011873213923026541,3
Cherekha,2,0.048875444698058386,nan,nan,nan,1,-0.42286826319031107,nan,nan,nan,1,-0.6856219661703906,nan,nan,nan,1,0.12298847638292104,nan,nan,nan,1,0.9960084119366993,nan,nan,nan,1
Cherekha,3,0.0957836777790218,nan,nan,nan,1,-0.29929325832537174,nan,nan,nan,1,-0.6378775560972579,nan,nan,nan,1,0.1764638577050335,nan,nan,nan,1,1.1615741809056281,nan,nan,nan,1
Cherekha,4,0.19332377409254284,nan,nan,nan,1,-0.3193055536312725,nan,nan,nan,1,-0.648449992864463,nan,nan,nan,1,0.1659973679228428,nan,nan,nan,1,1.3979751667751965,nan,nan,nan,1
Cherekha,5,0.19462243438136076,0.06770129773256164,0.04787204672182377,0.07097509646977591,2,-0.2875493620568826,0.003352812896187582,0.0023707967349439474,0.003514943239227896,2,-0.5735708153376593,0.06851939316243341,0.04845052754794382,0.0718327521425815,2,0.19359239866416067,0.001695127416205138,0.0011986360909738841,0.0017770978684778806,2,1.4086533433155586,0.1738725221577189,0.12294643947973127,0.18228039117264958,2
Cherekha,6,0.19703972432389483,0.08127254587797718,0.07418420060684404,0.10998549581970697,3,-0.3163592361339068,0.03754359059884988,0.012739237920391278,0.01888719414077211,3,-0.6240396685037345,0.02826820669112969,0.004841815266054428,0.007178475313452295,3,0.17679688917944156,0.03066826550843272,0.02584177510918073,0.03831301577687135,3,1.42208805584869,0.21096329000874242,0.18556743305413193,0.27512227624605595,3
Cherekha,7,0.20507225514357302,0.08842756606921671,0.0625277316113646,0.09270361488700915,2,-0.2773390665093324,0.042775583637207286,0.030246905259081594,0.04484406173711437,2,-0.5679099597666745,0.08206724841712483,0.05803030786906993,0.08603573444668307,2,0.21729283550889977,0.04896873528980884,0.034626124789552834,0.05133669261299103,2,1.4532303012182017,0.2537964006756689,0.17946115595850354,0.26606910982407733,2
Cherekha,8,0.11355756105916807,nan,nan,nan,1,-0.31977619232975196,nan,nan,nan,1,-0.7489965829379643,nan,nan,nan,1,0.13183020411680663,nan,nan,nan,1,1.22730886710275,nan,nan,nan,1
Cherekha,9,0.22552172664388515,0.1364543060377772,0.11016655894003835,0.16333294028450085,3,-0.20026626118516233,0.06194941830967143,0.01957700927803624,0.029024873955616527,3,-0.38886269801645934,0.13460457657118172,0.02982529426118158,0.04421898127162781,3,0.2860624470245158,0.12478306819218578,0.12210663358950674,0.1810352949598027,3,1.5379136886946,0.33746945095284003,0.25116752461550496,0.37238097199494763,3
Cherekha,10,0.34351698408809456,0.04013337294704588,0.03721929971610294,0.05518133375909421,3,-0.14916838067026134,0.13782756194064624,0.008967578366578549,0.013295331686289356,3,-0.31649574852662155,0.19297847473418211,3.712561807872605e-05,5.5042441363519245e-05,3,0.3163786203645949,0.1778810643285582,0.0019723141279420764,0.002924152926086922,3,1.843568513639296,0.1254967926273487,0.10969485048660266,0.1626335853314371,3
Cherekha,11,0.29301197118015027,0.1545204051335727,0.13634531098780628,0.20214555807052156,3,-0.1404562383762214,0.1690400703326712,0.15643815998061755,0.23193521598726358,3,-0.28060069518299624,0.34571190410812397,0.25332977644661225,0.3755867265597473,3,0.36285746619053916,0.23256453654330053,0.20853064289882772,0.30916753116180196,3,1.6714319661459034,0.4354857393568774,0.4096215282045703,0.6073048777160959,3
Cherekha,12,0.280517540912874,0.053290003297606185,0.037681722701190815,0.0558669220767855,2,0.035822718106524376,0.014380389379889846,0.010168470846623121,0.015075774877203438,2,-0.0010732901064500634,0.006517059353723271,0.004608256862412944,0.0068322016242134305,2,0.7108671307046577,0.09614928549829786,0.06798781178208779,0.10079872974812336,2,1.6718322014341762,0.12259445018210793,0.08668736705960489,0.1285226904025702,2
Cherekha,13,0.30908111204971705,0.17739757640883363,0.12543902924474498,0.1859759047582589,2,0.07290951900998158,0.054425943173295334,0.038484953490310815,0.05705779204473481,2,0.0456652383363199,0.028371442838730658,0.020061639623312963,0.0297433869055238,2,0.8056732435085554,0.1340355958065826,0.09477747871521375,0.14051708994317588,2,1.7828064151726,0.5725745822303924,0.4048713698301649,0.6002622929102025,2
Cherekha,14,0.4262458798839842,0.032649183715219306,0.02308645920523697,0.03422798441768433,2,0.10791373162821918,0.004866739760678389,0.0034413046870458847,0.0051020783290142285,2,0.05019228390716986,0.020935814623424625,0.014803856489888037,0.021948197631908,2,0.7195315976566621,0.05417104922134393,0.03830471624840254,0.0567905723098816,2,2.1376234608279088,0.1939160033583132,0.13711932095525659,0.2032931052482634,2
Cherekha,15,0.41674075690494367,0.0349686652566244,0.024726580332001535,0.03665962800022547,2,0.13333551855368406,0.014586318622532263,0.010314084810540185,0.015291662140106877,2,0.08763058719569011,0.006408642573810753,0.004531594622142393,0.0067185421867883115,2,0.7472900383741632,0.009979724248180182,0.007056730690260027,0.010462308921379516,2,2.1366042075314025,0.12598920956586618,0.08908782444035701,0.13208160851527329,2
Cherekha,16,0.44528072776945704,0.019381307378892598,0.013704653875875827,0.020318519836373502,2,0.0946332658992517,0.0126494411960391,0.008944505647939721,0.01326112407363543,2,0.06427671062894727,0.021947395345130478,0.015519152077923828,0.023008694870729866,2,0.7102228720246807,0.05020722155022758,0.03550186682270129,0.05263506775133693,2,2.273222523440758,0.05534019532704109,0.039131427387938844,0.058016254245358126,2
Cherekha,17,0.6130806932436402,0.08034164561353292,0.010018614769711665,0.014853598257574513,3,-0.03327893139812226,0.023144441441790314,0.00875044871259726,0.012973415261296696,3,-0.08419076298750289,0.032034649555153165,0.02717535211777275,0.040290177049809875,3,0.48838442095488244,0.05707978733652006,0.015771256230957764,0.02338246448801798,3,3.4060361910979298,0.5082297425117374,0.12441375107123553,0.18445582733821378,3
Cherekha,18,0.5946752007822056,0.15635756611528964,0.11056149528994524,0.1639184729168728,2,-0.07615718846536688,0.09938196177218803,0.07027365909673638,0.10418772697682135,2,-0.11666614745495424,0.11934219275665729,0.08438767377990444,0.1251131651460863,2,0.4805043320178484,0.16534145869278818,0.11691406665294596,0.17333679521965767,2,3.5462411910756386,1.3931548595485073,0.9851092484297417,1.460522971721935,2
Cherekha,19,0.7067797596811529,0.027357387922983045,0.00032155185288140764,0.00047673277708197494,3,-0.16998318051307812,0.025306552841522934,0.0016392520009930744,0.002430355016672332,3,-0.2149886040785573,0.022446337223362964,0.009687464121107991,0.014362634305954707,3,0.3475851971784681,0.022409402470827327,0.011935344982169693,0.017695342470564788,3,4.530617509659556,0.26007222860342455,0.029921689543446206,0.04436189691711334,3
Cherekha,20,0.6934331388897206,0.17820404284633212,0.025486714981568515,0.03778660363167348,3,-0.12308417782334263,0.06101375461073309,0.029426853549422857,0.04362825307237433,3,-0.16970949166317062,0.05958931911132651,0.0309712618295159,0.04591799278844027,3,0.3946902902909817,0.09031120713786495,0.07440659299235675,0.1103152147704681,3,4.308932273948176,1.4288568564238415,0.5944135658232685,0.8812775526895779,3
Cherekha,21,0.7862145735435403,0.135157866995954,0.001103006848881427,0.0016353179541516037,3,-0.23965371898420967,0.017011842198830916,0.00479318196155426,0.007106371576200346,3,-0.27910712777509017,0.008045664213374623,0.003612686778757368,0.005356169418185674,3,0.27637653377725624,0.028630911149102087,0.006988633288241841,0.010361347713147354,3,6.315692416231295,2.0167490630923304,0.24373676651770637,0.36136413003915147,3
Cherekha,22,0.7284047820264874,0.22057918235138615,0.06649829547857533,0.09859037287653578,3,-0.2422578798399987,0.06495400481454934,0.0378576703180743,0.05612778201357695,3,-0.30354278870301843,0.06108708331143918,0.018413731386881405,0.02730019815419037,3,0.2729919732105029,0.11428569458694533,0.03469214194825623,0.05143456965248469,3,5.2480819114946815,2.283339533662233,1.2824884230805456,1.9014173360592168,3
Cherekha,23,0.7811969399422005,0.012772346968287877,0.0028980995826966005,0.00429672244130598,3,-0.2848188955563108,0.003322418585396128,0.00014681137722899473,0.0002176625478797076,3,-0.33203858079331966,0.008861074391839342,0.005819680736166011,0.008628258659439727,3,0.23999057421015713,0.003151291215091966,0.00183795373327994,0.002724950204960839,3,6.390132308725464,0.22081665591466018,0.1888795690001306,0.2800328489995936,3
Cherekha,24,0.7953241302394786,0.022485339370147177,0.019999944702313033,0.0296519180156493,3,-0.3008505988225489,0.03331492186279519,0.029557610923653888,0.043822113955409255,3,-0.33798784169233803,0.029822121647038867,0.01968398017406725,0.029183469006072105,3,0.2300394135905594,0.01967837688086843,0.015180913828965525,0.022507222842824286,3,6.72637696758773,0.45246772077666486,0.44476412542991284,0.6594072923623887,3
Cherekha,25,0.7578023171129606,0.04418278425911598,0.03124194636132316,0.04631930967529771,2,-0.3116732247996569,0.042825949965771264,0.03028251963155265,0.04489686360573996,2,-0.3583383924793855,0.04053628426702614,0.028663481489319742,0.04249647765606545,2,0.220572252745496,0.013978802380109985,0.00988450595584242,0.014654768530131972,2,5.389595527472098,1.5245975121065567,1.0780532393906856,1.5983217327206305,2
Cherekha,26,0.767511274449868,0.11116579812082791,0.08584116497430494,0.1272681111909045,3,-0.2829294883798363,0.02988512008843313,0.011475420874016762,0.01701345898781725,3,-0.337599466178444,0.020440887456255913,0.017030009254728584,0.025248691721060597,3,0.23813373735507068,0.014541015449790872,0.0032438508976986025,0.004809333340927948,3,5.910620938442617,2.520381345899737,2.127763428050706,3.1546220584279765,3
Cherekha,27,0.8251953531041223,0.06066136397102092,0.002874063503826463,0.004261086550773114,3,-0.2909652224919852,0.03844783407420922,0.007870007641139987,0.011668073328754143,3,-0.3360776741374619,0.036675778057768185,0.00176916491846979,0.0026229639081233103,3,0.22852430757153785,0.037921690097979306,0.0020705248546795674,0.0030697601495479265,3,7.311152409058945,1.153193313939822,0.5156688310223831,0.7645306088737852,3
Cherekha,28,0.8024440071963129,0.0247924480210415,0.0003868816577869971,0.000573590745835002,3,-0.2822447140925011,0.041184828221262515,0.006968889106249487,0.010332074988925488,3,-0.32232573964317807,0.0397804348710844,0.011556159260052767,0.01713316171895423,3,0.23737391309975464,0.0262917824004242,0.010527138676362763,0.015607535801575432,3,7.0233508441339225,0.9302109144682805,0.10484461106624643,0.15544262036681694,3
Cherekha,29,0.6854234065280396,0.2286938768335387,0.11339222939771698,0.1681153193050552,3,-0.2680138141826913,0.0491533932155252,0.022931305474435837,0.03399795349639857,3,-0.3046558723583978,0.03226255267322117,0.027202849167394072,0.04033094417557845,3,0.25574440122810393,0.07315894106734441,0.016970358034685495,0.025160252822224713,3,4.657535469223641,2.280026748841316,2.028816932412399,3.007923983994622,3
Cherekha,30,0.8008421374936776,0.33879310786325817,0.04587860375863162,0.06801961793254724,3,-0.2949486638368744,0.08227526583173952,0.027355423224857678,0.04055715047317399,3,-0.33399128733056427,0.05870734005520543,0.02331187065863205,0.034562179438487876,3,0.2225779029443958,0.11477391396437858,0.013731885592684678,0.020358893579714304,3,6.157318165717806,3.4505920266455927,2.123764642657992,3.148693459204739,3
Cherekha,31,0.7936361234680452,0.0445876645864741,0.03152823998636711,0.04674376860378788,2,-0.25532811457344357,0.02832298513056249,0.02002737484926649,0.029692585951522497,2,-0.2882801707273299,0.034541351283831574,0.024424423724143968,0.036211650613415844,2,0.24682359161018705,0.025440827813097172,0.017989381865640336,0.02667105755399836,2,6.362643656290585,1.4327801762811259,1.013128578598041,1.5020644306294555,2
Cherekha,32,0.5725073184568138,nan,nan,nan,1,-0.17765490226105865,nan,nan,nan,1,-0.23215769857906912,nan,nan,nan,1,0.41814420910462385,nan,nan,nan,1,3.3460251057700843,nan,nan,nan,1
Cherekha,33,0.6854798568919289,0.14167735775197896,0.10926698221613917,0.16199922783364792,3,-0.23552273329633855,0.05977704026837237,0.01846860656898225,0.02738155609917308,3,-0.2754787907953049,0.047491979936630534,0.01718155402788879,0.02547337200174792,3,0.2735810058395038,0.1112342757333421,0.03094667766450787,0.04588154430539937,3,3.1545824437573935,2.0081746186822063,0.24902675366742466,0.3692070649873238,3
Cherekha,34,0.36671079814309443,0.40127825410519613,0.28374657462048275,0.4206826715323277,2,-0.17458654692278874,0.09088638700509806,0.06426638056884976,0.09528133583137664,2,-0.2326668025275046,0.07080931120083027,0.05006974412125563,0.07423340263417359,2,0.42638362423334597,0.1691142904761148,0.11958186159121234,0.17729206799513142,2,3.0403979540242254,2.6475899739357573,1.8721288243714886,2.775618195013169,2
Cherekha,35,0.7149653223985977,nan,nan,nan,1,-0.2363625519756857,nan,nan,nan,1,-0.2815534244342813,nan,nan,nan,1,0.27133065656250077,nan,nan,nan,1,4.939923899821219,nan,nan,nan,1
Cherekha,36,0.7804041479034438,0.05627093284596181,0.03978955819907243,0.05899199898594478,2,-0.19596289818880913,0.08200900968654039,0.057989126867745974,0.08597467949412017,2,-0.22903842580694395,0.08218401119360876,0.058112871620111875,0.08615814346397786,2,0.28132898582717847,0.04715180283175094,0.03334135952750214,0.04943189963547467,2,6.111982800087642,1.3485158045179357,0.953544669911865,1.413725327611331,2
Cherekha,37,0.788070457097168,0.16987563759085514,0.0010271454750218068,0.0015228458812673307,3,-0.2326184184433585,0.06837751508071574,0.06644054454361245,0.09850475134035981,3,-0.2753192455427895,0.07526014327237227,0.07229602940294011,0.107186093192799,3,0.25795251789233836,0.0904552074501124,0.04572990520417036,0.06779915745570297,3,3.81296025442668,1.9247337057478715,1.3436516698180614,1.9920979656722577,3
Cherekha,38,0.7948368814088445,0.010902382621682761,0.00770914868288225,0.011429583837241223,2,-0.17484054373151064,0.012748686116946762,0.00901468240451185,0.013365168132929268,2,-0.22266760764881197,0.008317796089827198,0.0058815700196437615,0.00872001571112384,2,0.293399858585666,0.0021913979858589412,0.0015495523760793994,0.0022973663527753175,2,6.268836335668356,0.46069980665974863,0.3257639573804396,0.48297764321223974,2
Cherekha,39,0.7539692202720538,0.0509921071133699,0.03125260019602949,0.04633510505063332,3,-0.18165737528766526,0.048725531384187636,0.033160888308174874,0.04916433300570006,3,-0.21490316012029315,0.05386053406111702,0.04678363708115452,0.06936142033651968,3,0.31241555409708177,0.03402626932791244,0.032902690275241675,0.048781528602073305,3,4.717168773899331,0.5347464937393487,0.4210012689246172,0.6241764813076375,3
Cherekha,40,0.7549191040401957,nan,nan,nan,1,-0.1933960137418137,nan,nan,nan,1,-0.23042461185482527,nan,nan,nan,1,0.3084796307110509,nan,nan,nan,1,4.622004578882827,nan,nan,nan,1
Cherekha,41,0.5763409118730383,0.12040609639258507,0.08764739917772468,0.1299460340208946,3,-0.1682197238153316,0.02040758663243594,0.010007120025598087,0.014836556149951724,3,-0.2598247011559705,0.010270505758769727,0.006573914513736512,0.009746485658065752,3,0.3380936215367193,0.04010682549011638,0.039171720456646186,0.058075992749023635,3,3.1479062660655215,0.944533036638587,0.13331566754465873,0.19765380870171104,3
Cherekha,42,0.656026893708989,0.024715559634119456,0.017476539818106374,0.025910717934324506,2,-0.10132138760717022,0.00289187050543563,0.0020448612447069026,0.0030317112814024537,2,-0.1854478727942956,0.016480159128161243,0.011653232274556197,0.017277082170257016,2,0.4005854598723276,0.028024144265211447,0.01981606244688111,0.029379294183745932,2,3.6258906094611216,0.2232261393293893,0.15784471685790424,0.2340205772135288,2
Cherekha,44,0.6286126367017906,nan,nan,nan,1,-0.024258423298961683,nan,nan,nan,1,-0.10148851759212815,nan,nan,nan,1,0.453295377771846,nan,nan,nan,1,3.023121996934883,nan,nan,nan,1
Cherekha,46,0.21293234472048886,nan,nan,nan,1,-0.07222966113075421,nan,nan,nan,1,-0.12309239230419348,nan,nan,nan,1,0.6523342940435788,nan,nan,nan,1,1.483283108628772,nan,nan,nan,1
Cherekha,47,0.4177222136954285,0.22727292843589755,0.043036565948704864,0.06380601267554983,3,-0.1543018536312729,0.04380074049342768,0.0348592091109734,0.051682263427929157,3,-0.15350842081152,0.07418299668030379,0.041181568788947576,0.061055793886493674,3,0.4611725688146452,0.22187738184329528,0.11428164247597494,0.16943396313488043,3,2.0770239579831866,0.6432812224282812,0.18895573643729957,0.2801457748419403,3
Cherekha,50,0.28718607121058753,nan,nan,nan,1,-0.1689229171033377,nan,nan,nan,1,-0.23536508588642197,nan,nan,nan,1,0.4628860268047893,nan,nan,nan,1,1.680029651297859,nan,nan,nan,1
Cherekha,51,0.13818611646493226,nan,nan,nan,1,-0.32698946687042896,nan,nan,nan,1,-0.5253443600062799,nan,nan,nan,1,0.19236592021559534,nan,nan,nan,1,1.2268606660293788,nan,nan,nan,1
Cherekha,52,0.3397779692628224,nan,nan,nan,1,-0.17425214131326516,nan,nan,nan,1,-0.15243047098165297,nan,nan,nan,1,0.4092250367074859,nan,nan,nan,1,1.761722455338273,nan,nan,nan,1
Chkalovsk,2,0.04003150529064368,nan,nan,nan,1,-0.2880981634009444,nan,nan,nan,1,-0.724514004655031,nan,nan,nan,1,0.1464352615536572,nan,nan,nan,1,1.066307731316167,nan,nan,nan,1
Chkalovsk,4,0.040858992340938885,nan,nan,nan,1,-0.3056472900002412,nan,nan,nan,1,-0.8009670110671253,nan,nan,nan,1,0.09182725043994897,nan,nan,nan,1,1.058340196742461,nan,nan,nan,1
Chkalovsk,5,0.044821521249181324,nan,nan,nan,1,-0.30176438483289114,nan,nan,nan,1,-0.7933248872166605,nan,nan,nan,1,0.10748923963267244,nan,nan,nan,1,1.0700179917226198,nan,nan,nan,1
Chkalovsk,6,0.014481469156719174,0.01532647398570526,0.010837453686971404,0.0160676088363038,2,-0.20045397049430183,0.12945392890684065,0.09153775098126823,0.13571386960482829,2,-0.4631445776531507,0.45541165973428327,0.3220246728295323,0.47743377993706454,2,0.35793038362653734,0.3542171573026704,0.25046935394134023,0.371345864153431,2,1.010405547535279,0.023706792345163614,0.016763233627446528,0.024853170176052222,2
Chkalovsk,7,0.2638067689127004,0.16165873494547708,0.07413436666091194,0.10991161201146804,3,0.01662781674283065,0.23114955360983194,0.1336640390395786,0.19817030428007923,3,-0.02938436797458814,0.4870327405836138,0.1134275068270722,0.16816762162181723,3,0.6755461771206571,0.3693394194015962,0.12927541902755746,0.19166373625025668,3,1.5859025160822977,0.38907160685082676,0.21078735340473842,0.31251333015786514,3
Chkalovsk,8,0.010726919500518116,nan,nan,nan,1,-0.2685704596628079,nan,nan,nan,1,-0.7452341664272426,nan,nan,nan,1,0.13948143341189995,nan,nan,nan,1,1.0077767126696588,nan,nan,nan,1
Chkalovsk,9,0.15284564643926218,0.21203191836708643,0.1499292073053593,0.2222850427509257,2,-0.0444213466081223,0.28662368248924525,0.20267354953680522,0.3004838045432674,2,-0.27426845625429075,0.5563728483864155,0.3934150139621093,0.5832770997002232,2,0.544751292812087,0.521995045889243,0.3691062366940667,0.5472369065226232,2,1.3295615580569315,0.48265779680684456,0.34129060111467857,0.5059974452126225,2
Chkalovsk,10,0.28721893303047275,0.100055988208624,0.013537639202614082,0.020070903881795638,3,0.13270619049757965,0.1677941351172638,0.04503600501189797,0.06677038103063992,3,0.0977412935796313,0.27457942827247284,0.04865016123854701,0.0721287290522698,3,0.8751938818869975,0.33410826823239126,0.05844730387571828,0.08665397272613992,3,1.6483879926909768,0.2710158945766136,0.05833599485993202,0.08648894597933521,3
Chkalovsk,11,0.21164043298587354,0.04041769000648241,0.028579622683479466,0.042372148590526654,2,0.04907744667919985,0.06588898701411494,0.046590549523193046,0.06907514872308601,2,0.0007124677183744793,0.08048259874091422,0.05690979133721634,0.08437445663655695,2,0.7569458562389764,0.056169725340770874,0.03971799368584494,0.05888589743863371,2,1.45764962416108,0.07141322413989466,0.05049677505571437,0.07486651869760212,2
Chkalovsk,12,0.2793084212334822,0.022011701424299278,0.015564623342575606,0.023076110567702594,2,0.14785107384486884,0.00888227175140024,0.006280714587756822,0.009311787447808265,2,0.12600096183754309,0.004054034027688016,0.0028666349521392076,0.004250072980041589,2,0.8905409778404165,0.010907192587229773,0.007712549842137817,0.011434626395953527,2,1.6169339366500615,0.06590783157459276,0.0466038746396954,0.0690949045408124,2
Chkalovsk,13,0.2910287834602957,0.02774001240235633,0.01961515087990509,0.029081422694547287,2,0.14306856081563016,0.018636099046246267,0.013177712010464887,0.01953727582671524,2,0.12399926999444966,0.023600484750054416,0.01668806280605318,0.02474172191625444,2,0.9044056806454316,0.04679782698734462,0.0330910608075462,0.049060806753267995,2,1.6640829573428824,0.0889250595142706,0.06287951259995805,0.0932251653806978,2
Chkalovsk,14,0.2910446976230149,0.03321946410832862,0.023489708338382292,0.034825841582485584,2,0.15776541144512268,0.0007935801456738255,0.0005611459024209703,0.0008319549149293305,2,0.13666035388634226,0.002711456031082329,0.001917288946467477,0.0028425725920326814,2,0.9277318651344857,0.002972073738406289,0.00210157349461354,0.0031157928631140343,2,1.6559491598056637,0.1101434854988926,0.07788320549978911,0.11546964047398733,2
Chkalovsk,15,0.32226273558789903,0.015743472117878833,0.011652340501890901,0.017275760028103448,3,0.15036913378805145,0.06035917099444478,7.47863908956703e-05,0.00011087830314192078,3,0.11132739763392557,0.06380191220797246,0.003946515538832865,0.005851103937873605,3,0.8633802004139344,0.11220538809203513,0.023225564343125282,0.03443422169511754,3,1.7964362107119118,0.07485994242300444,0.05522186629191128,0.08187193896438766,3
Chkalovsk,16,0.355502574320285,nan,nan,nan,1,0.05471443749839447,nan,nan,nan,1,0.02928637417716617,nan,nan,nan,1,0.7324683194997257,nan,nan,nan,1,1.9139757695992885,nan,nan,nan,1
Chkalovsk,17,0.5019665005438855,0.016311740203739926,0.007821723532331903,0.011596487309035279,3,-0.04094280784185384,0.048866662062365764,0.04291184048976932,0.063621094710132,3,-0.09573834361815686,0.04773992900207659,0.031236530436897086,0.04631128002574362,3,0.5272946723171779,0.0511723105841486,0.038853827571579014,0.057604684757623044,3,2.6561441054568427,0.1132727544148578,0.015613905939348083,0.023149176945677467,3
Chkalovsk,18,0.6036756355053896,0.0312135693568401,0.03103071386443179,0.04600613637540657,3,-0.08382623019164487,0.047077211112398584,0.03891496431130727,0.05769532608794415,3,-0.14247421850182948,0.045995270987970474,0.04085832699253872,0.0605765555991379,3,0.4569471350398325,0.053034419932408525,0.043112729814432316,0.06391893322287735,3,3.5283587618269054,0.37596880324210785,0.3090759207925591,0.45823596016704804,3
Chkalovsk,19,0.4795034256749667,0.20015821509904053,0.14153323120672717,0.2098371685870937,2,-0.0961777197599839,0.0006751868541817103,0.00047742920315990006,0.0007078365366048678,2,-0.15190897728888764,0.003433360950134902,0.0024277528101014773,0.00359938631625645,2,0.5029442373426973,0.09802402491288034,0.06931345273509676,0.10276412502505444,2,2.8357055237370883,1.2917959561708992,0.9134376805178028,1.3542627051356944,2
Chkalovsk,20,0.6290413708276807,nan,nan,nan,1,-0.255739935761282,nan,nan,nan,1,-0.3065959344136341,nan,nan,nan,1,0.29276692034460483,nan,nan,nan,1,3.852275597177727,nan,nan,nan,1
Chkalovsk,21,0.7012606275157982,0.03334457367995058,0.027112649739951533,0.04019721450445214,3,-0.21476444794602173,0.021964447920303616,0.013748027459122986,0.020382825510895736,3,-0.2697305418240912,0.023731425930697873,0.017958290438753577,0.02662496140449605,3,0.3300680101643554,0.01311031902853991,0.0023970847577823307,0.0035539178618880832,3,4.97016778080901,0.5019504803015977,0.43772426295550737,0.6489699922578351,3
Chkalovsk,22,0.5262897154802715,0.07623244373834738,0.0539044779138074,0.07991877895501084,2,-0.17092771829644335,0.06216456428383454,0.043956984954606454,0.06517062589369953,2,-0.2266198259144152,0.06344309666813554,0.044861043873512294,0.06651098364686932,2,0.3984522751388666,0.07169151966511496,0.05069355970877151,0.07515827162422464,2,3.4558942476454173,1.22066435996297,0.8631400464825529,1.2796914329150328,2
Chkalovsk,23,0.5957445838433415,0.1382078869285871,0.12797559850293505,0.1897366223404515,3,-0.22849223187427478,0.017830100827911012,0.011759978450921277,0.017435344051335885,3,-0.2873581472776154,0.023515811607960617,0.019827749104665338,0.029396620822576828,3,0.3010538689147577,0.04105335843374496,0.01566310102455526,0.023222113579005627,3,3.5940910533680417,1.6327003663959223,1.0080227206169639,1.4944944855867106,3
Chkalovsk,24,0.7744214507335745,0.003730556831685739,0.0026379020332867875,0.003910953554550991,2,-0.25768830793733677,0.03589485614483775,0.025381496189730388,0.03763060625089427,2,-0.3124298649148618,0.035825402040088244,0.02533238472128077,0.037557793587770866,2,0.2734110613051518,0.016826424693458686,0.01189807900386941,0.017640091931136786,2,6.4522124454125125,0.02572006644477999,0.018186833395672508,0.02696379919242406,2
Chkalovsk,25,0.4941818310798781,0.30771563539286123,0.29302579486528824,0.4344400434672763,3,-0.1854141876414537,0.10261037993722244,0.09759771460119951,0.14469837166773838,3,-0.2441438574506085,0.10662915776674452,0.09983807825964111,0.1480199348277439,3,0.3716302125943841,0.18755965447956596,0.11772370017332368,0.17453715787696966,3,2.653510555335322,3.4088763960491653,1.1843453102367512,1.7559103569570071,3
Chkalovsk,26,0.7290881070161466,0.022768078548555882,0.01609946273627183,0.023869063452796616,2,-0.1777670435769135,0.005258256209381222,0.0037181486228697325,0.005512527148266665,2,-0.23630648329297993,0.011206711411433607,0.007924341633825369,0.011748628906309492,2,0.3367589425719072,0.015020120946760562,0.0106208293756965,0.01574644163240763,2,5.381875892956765,0.633300861422435,0.4478113336430858,0.6639250832592389,2
Chkalovsk,27,0.594894965258572,0.24941579998535926,0.17636360350471514,0.26147667855609064,2,-0.1718877733528734,0.0690768122685355,0.04884468237783155,0.07241712609337306,2,-0.2285152191698669,0.06640757656818054,0.046957247713525344,0.06961881546007267,2,0.38662786606809607,0.1325213512639497,0.09370674613074328,0.13892962181343999,2,4.251463573077337,2.9218182238400714,2.066037479471748,3.0631071670648136,2
Chkalovsk,28,0.7088850773551734,0.1800263282006603,0.035160425347527835,0.052128846620244765,3,-0.16983241003482838,0.038236058987015445,0.003940478024370309,0.005842152718931419,3,-0.22063873457113223,0.04063027900665449,0.003960774277466217,0.005872243943771413,3,0.35521077548228663,0.10243443031458219,0.0233917613667311,0.03468062540231553,3,4.94187671739129,1.7901939001587222,0.7435699505806248,1.1024168087308344,3
Chkalovsk,29,0.6965375581961732,0.0926126319669078,0.06548702008733454,0.09709105598148218,2,-0.22847455922371723,0.03318192397463434,0.02346316345528042,0.03478648613879875,2,-0.28322133419785844,0.044069712926959846,0.03116199285559776,0.04620077060770923,2,0.31055406218654413,0.013976747178059346,0.009883052708535706,0.014652613945675037,2,5.081627114265132,1.5749011148964398,1.1136232580415266,1.6510578423723672,2
Chkalovsk,31,0.1541291548719439,nan,nan,nan,1,-0.1897462306192788,nan,nan,nan,1,-0.29884161024782835,nan,nan,nan,1,0.38078005902426454,nan,nan,nan,1,1.2961041255738783,nan,nan,nan,1
Chkalovsk,32,0.5968638460666661,0.2165047781624385,0.1530919967979494,0.22697419445263978,2,-0.1893581583836893,0.08301275675031267,0.058698883223135434,0.08702696426662059,2,-0.23542182987074625,0.08687966042075515,0.061433197030700465,0.0910808579177165,2,0.3867886694042646,0.14946007200368797,0.10568423043043743,0.15668744003616653,2,4.0947646420297845,2.4764776632833003,1.7511341491646373,2.5962314895514913,2
Chkalovsk,33,0.5762066451380357,0.14555590577941785,0.09387847599342991,0.13918422850785916,3,-0.14258302176579407,0.01592530529689781,0.00387565599513523,0.005746047578387491,3,-0.201094308651621,0.011756174582472367,0.011517477686756511,0.0170758124183852,3,0.40615858681059247,0.055377165465726665,0.04314481278183474,0.06396649943034818,3,4.122345449879412,1.2750658113466686,0.2189308747879215,0.3245869149605724,3
Chkalovsk,34,0.741169046093181,0.04556547515241616,0.00695721633119073,0.010314768932623375,3,-0.1736316014753093,0.02406201439609351,0.00753289476963781,0.011168269785465017,3,-0.21677231078667275,0.027360971637911007,0.007758309827905624,0.011502470150852878,3,0.33572905572723394,0.02298279533322484,0.016076572714845472,0.023835126707029895,3,5.436513853076514,1.0985995660429966,0.22021623803234025,0.3264925945067476,3
Chkalovsk,35,0.7030856786198802,0.15805448852677828,0.029448688119381283,0.043660625005794686,3,-0.248211540847017,0.06291140643412603,0.009744041756028804,0.014446516307488303,3,-0.31078456048146846,0.07372090886751274,0.011661801003104377,0.01728978616720255,3,0.2867163613385332,0.04406124983765503,0.01346922925146038,0.01996947928821516,3,4.842692287558332,1.7035116259592054,0.6278992584715919,0.9309234406099821,3
Chkalovsk,36,0.7042276378032484,0.0646844068642215,0.05388561267343772,0.07989080934963876,3,-0.15420736440286803,0.04071376569864238,0.027457299709480715,0.04070819254927611,3,-0.19921913664137247,0.03941876365466014,0.029328082130409577,0.043481814566545235,3,0.38480148026297445,0.03670001265890995,0.005728465498397173,0.008493022947923649,3,4.846030313473286,1.0648213228376147,0.5648177640531644,0.8373988169852216,3
Chkalovsk,37,0.6006160169736272,0.15053303356695327,0.10644292882777484,0.15781228628005897,2,-0.14457021597604153,0.005644582943328369,0.003991322876197412,0.005917535296250283,2,-0.18552573741453615,0.005594174888901221,0.0039556789990855545,0.0058646896840442424,2,0.4198789347308578,0.0800281254351893,0.05658843018086998,0.08389800658615783,2,4.015454907305976,1.2154308990268612,0.8594394307655555,1.2742049000530125,2
Chkalovsk,38,0.6973704223168293,0.016443345198884428,0.011627200895522438,0.017238488047701565,2,-0.12605387731620457,0.048363301599033195,0.03419801852124657,0.05070198225960016,2,-0.17286313912405427,0.04833761943213536,0.034179858486877546,0.050675058192644645,2,0.37702301182966813,0.035836357373784385,0.025340131312027475,0.037569278683211936,2,4.719489056353698,0.44402989556389916,0.3139765502027876,0.46550163333065286,2
Chkalovsk,39,0.5956906478705214,0.12577957676153922,0.0995964386717455,0.14766167997472987,3,-0.16588670001244576,0.054589098061332046,0.015783878883954328,0.023401178833350685,3,-0.2343854202952646,0.07857306777348108,0.029375764187865416,0.04355250798492926,3,0.35548560656375433,0.08133850299394085,0.03913558739313977,0.05802242186906902,3,3.4060735616317426,0.9673491862506174,0.7810196414202202,1.1579397203696185,3
Chkalovsk,40,0.688350049391027,0.03724280230307696,0.026334638058895687,0.039043734386118745,2,-0.1874854593073153,0.02771735221993297,0.019599127711250608,0.029057666744700148,2,-0.23923551090301332,0.023481622193443696,0.01660401428624457,0.024617111580786197,2,0.3125991664939036,0.011274042835908266,0.00797195214065835,0.01181921624374007,2,4.160648850715597,0.17305989680326556,0.12237182658103318,0.18142847008903978,2
Chkalovsk,42,0.4018543653160373,0.30861089218557236,0.21822085461244872,0.32353423904841644,2,-0.07716176456065559,0.05931241215360818,0.04194020884234774,0.06218055362966476,2,-0.13572171435495964,0.048076414724351826,0.03399515886672596,0.05040122253580791,2,0.48638951818048515,0.047013869622067675,0.03324382601958428,0.049287296456635654,2,2.4917610105135712,1.6023617318079226,1.1330408464752022,1.6798463589841346,2
Chkalovsk,43,0.5488290437917701,0.10511989790487408,0.07433099264617402,0.11020312969721759,2,-0.01175004892360799,0.04142032333591172,0.029288591509762575,0.043423265772373994,2,-0.05661626900395712,0.06620697583614649,0.046815401575593066,0.06940851437597427,2,0.5292448248500656,0.07466106983122903,0.05279334876830441,0.07827141888388811,2,2.9926493708672264,0.762153323844079,0.538923783594015,0.7990084015564867,2
Chkalovsk,44,0.45098751827642686,nan,nan,nan,1,-0.01755745205735487,nan,nan,nan,1,-0.04489251335924604,nan,nan,nan,1,0.5704616913485899,nan,nan,nan,1,2.0479409834714226,nan,nan,nan,1
Chkalovsk,45,0.18549955219868405,nan,nan,nan,1,-0.02142801432155631,nan,nan,nan,1,-0.02538636731122573,nan,nan,nan,1,0.6993869184651909,nan,nan,nan,1,1.2967519043192701,nan,nan,nan,1
Chkalovsk,46,0.4079675116681615,0.0785744384809351,0.0663964667939676,0.09843940166873635,3,-0.00964539780310318,0.027450520954987314,0.023338946597310447,0.03460232222517247,3,-0.04492502634859129,0.04734309799059204,0.03512417130543434,0.05207509637743695,3,0.6011557795792934,0.1137501904620218,0.04351433444196573,0.06451435224365838,3,2.077820091617548,0.25031441825070855,0.25014898443475975,0.37087088432297477,3
Chkalovsk,47,0.4257479173184412,nan,nan,nan,1,0.0645154000866848,nan,nan,nan,1,0.06058297939624882,nan,nan,nan,1,0.7305756947597974,nan,nan,nan,1,2.108336353548601,nan,nan,nan,1
Chkalovsk,52,0.35935810131174234,0.02766386993202535,0.019561310022797762,0.02900159823979996,2,0.013499958792729085,0.044221145191506835,0.03126907163674937,0.04635952560864461,2,0.015712315836010064,0.06059714782872874,0.042848654150257764,0.06352741464317216,2,0.6641445318349227,0.02232534270527786,0.015786401219215596,0.02340491844760904,2,1.812020992120353,0.06628206365238352,0.04686849667963877,0.06948723317723243,2
Kronstadt,1,0.013637616003605035,nan,nan,nan,1,-0.3085691418594757,nan,nan,nan,1,-0.7285027573836431,nan,nan,nan,1,0.13427604932536108,nan,nan,nan,1,1.0040998774989145,nan,nan,nan,1
Kronstadt,3,-0.031152540239672365,nan,nan,nan,1,-0.23240757440570475,nan,nan,nan,1,-0.3513186025293151,nan,nan,nan,1,0.3513906821838588,nan,nan,nan,1,0.8436990974229932,nan,nan,nan,1
Kronstadt,4,-0.03902031704017492,nan,nan,nan,1,-0.23437316897231514,nan,nan,nan,1,-0.45696575939865947,nan,nan,nan,1,0.27334443020080124,nan,nan,nan,1,0.836021993308151,nan,nan,nan,1
Kronstadt,5,0.02923304667368725,nan,nan,nan,1,-0.3056276705583657,nan,nan,nan,1,-0.7675692248011866,nan,nan,nan,1,0.1308710235011984,nan,nan,nan,1,1.0351639511189736,nan,nan,nan,1
Kronstadt,6,0.020391358829487456,0.0096265715571903,0.006807014027666803,0.010092078997418801,2,-0.2705462377434029,0.030386531899699643,0.02148652276301896,0.03185591864845191,2,-0.648390300495768,0.14083980356900727,0.09958878016462636,0.14765032547207502,2,0.20122400769531534,0.08299029984755084,0.058683003794908095,0.08700342142633073,2,1.013599173541282,0.013795256136440061,0.0097547191622821,0.01446234662999944,2
Kronstadt,7,0.012519951877891577,0.006973920732256383,0.004931306641235942,0.007311155226296407,2,-0.293480140823534,0.029699382419617483,0.021000634705964055,0.031135541015062308,2,-0.7412477802693132,0.07323076887522993,0.05178197326317985,0.07677195355999043,2,0.14453500966138985,0.046939247169722385,0.03319105997750216,0.049209065522644695,2,1.011292540063463,0.011149209505451481,0.007883681646174256,0.011688346408617952,2
Kronstadt,8,0.005611083403821023,0.0038783976188656384,0.003822782399322158,0.005667657185235031,3,-0.2754855724314555,0.007364061724681715,0.003432891400727167,0.005089604790718098,3,-0.7323007240259946,0.01591451985094594,0.006707067015457091,0.009943897557116683,3,0.14643742220842054,0.010014162075615856,0.002960743556402745,0.00438959839672271,3,0.9910754830653562,0.00823788138254447,0.003085240854686533,0.004574178091158254,3
Kronstadt,9,0.0015401945517559464,0.00791284179046908,0.005595224088496989,0.008295479233605635,2,-0.20430007175743695,0.07605395310995833,0.05377826598009525,0.07973165714208921,2,-0.5331658559855983,0.2511863177219704,0.17761554860248396,0.26333281235804273,2,0.259711500336264,0.1408693344800776,0.0996096616720988,0.14768128439505365,2,0.955097486329587,0.03588146523569035,0.02537202738706601,0.03761656780406406,2
Kronstadt,10,0.0017230076669990033,0.03018226000808973,0.021342080723255788,0.03164176888029903,2,-0.12291518914041769,0.12986929705096917,0.09183146061267039,0.1361493235043451,2,-0.3924187491344694,0.2901333028741356,0.2051552259103517,0.3041631379346874,2,0.31608033751955955,0.17088492561907517,0.12083388970780684,0.1791483248807944,2,0.9411291344698347,0.03891733433032734,0.027518711010678487,0.04079924094443192,2
Kronstadt,11,0.0047239335608011855,0.001392522387064705,0.0009846620228475312,0.0014598599150737498,2,-0.1418196138884879,0.07630627890123909,0.053956687258178135,0.0799961845289749,2,-0.3634268895159346,0.20449608473229142,0.14460056824030207,0.21438480247307184,2,0.3584286782521119,0.16449697059972263,0.11631692339570801,0.1724514706264767,2,0.9570285886443971,0.027831399990528766,0.019679771663218104,0.02917722946788716,2
Kronstadt,12,0.04303237288468899,0.04422373372947064,0.031270902009496934,0.04636223931928015,2,0.034709657380635195,0.06010934196785926,0.042503723318134415,0.06301602019146609,2,0.020516368664126365,0.034478313857310386,0.024379849532382286,0.03614556491670998,2,0.8633267525124932,0.03867023451712707,0.027343985057134645,0.040540192245707825,2,1.0000096001928869,0.06611302170400928,0.04674896597163836,0.06931001694955102,2
Kronstadt,13,0.08578532724883946,nan,nan,nan,1,0.1327945809737166,nan,nan,nan,1,0.0976416833754801,nan,nan,nan,1,0.9302150748462764,nan,nan,nan,1,1.0504305285941022,nan,nan,nan,1
Kronstadt,14,0.07608140206016217,0.008281038769925576,0.00585557866948308,0.008681480935375614,2,0.14255333357425298,0.05264937142292042,0.03722872755835626,0.05519531147801899,2,0.11706375834713724,0.08825238675061776,0.06240386112725964,0.09251996450727513,2,0.8750985917902858,0.17675401545071207,0.1249839629271503,0.18530122343579303,2,1.05072362904225,0.005762243625273319,0.004074521542279719,0.006040885638583911,2
Kronstadt,15,0.1000104119690178,nan,nan,nan,1,0.18339496102015926,nan,nan,nan,1,0.1385426570597785,nan,nan,nan,1,0.9762208714875458,nan,nan,nan,1,1.1051935708539968,nan,nan,nan,1
Kronstadt,16,0.08380907811551998,0.008390254103930456,0.0059328055727674855,0.008795977542185073,2,0.10741050219338788,1.3890261717788255e-05,9.821898253103978e-06,1.4561946350051957e-05,2,0.11712196189387887,0.02743019417338385,0.019396076309263446,0.028756622736113985,2,0.9768103630878385,0.02211327880892037,0.015636449400056374,0.02318259988052358,2,1.062153862624643,0.022394577348860224,0.01583535750518572,0.023477501037188347,2
Kronstadt,17,0.10525724876449719,0.006156656902467925,0.0039028089112215364,0.0057863044917770496,3,0.07618522744540689,0.021950870521109844,0.013656680395744428,0.020247394354730688,3,0.05069843588369948,0.031560615897787615,4.556592345263816e-05,6.755603811088133e-05,3,0.7893570333674731,0.07842579275994,0.0623280355281739,0.09240754547407061,3,1.1097007688690574,0.06528019711872493,0.031077581378252006,0.04607562215139642,3
Kronstadt,18,0.1172152165399905,0.005545421725881509,0.003921205306910022,0.005813578988024799,2,0.09664028285415822,0.02616084003229264,0.018498507388370625,0.027425887053998288,2,0.05274617510505069,0.0027480330509554933,0.0019431528052553868,0.0028809183490716363,2,0.8242383823353359,0.05008690775996521,0.03541679212573651,0.052508936005616944,2,1.1324714864350394,0.010301348939727966,0.007284153690650497,0.010799486261758426,2
Kronstadt,19,0.12875457698494747,6.0582779798746155e-05,7.082003572689288e-06,1.0499778496869138e-05,3,0.05073711210548114,0.01737933155543841,0.007948581436538676,0.011784566837812241,3,0.011655963939802963,0.02350783751154476,0.019542791574042435,0.02897414278767531,3,0.757970753092059,0.03268594323569307,0.01520494466061828,0.022542850953832662,3,1.1558234754085177,0.008757130914594173,0.0004057096370158053,0.000601505107839633,3
Kronstadt,20,0.14470556033361615,0.020623788626328864,0.007884418177730501,0.011689438390303241,3,0.01573880868495994,0.05120828794739235,0.02138186877303153,0.031700758642896544,3,-0.03106855803223385,0.06912548727607226,0.035211353341789674,0.05220435246453737,3,0.7030652284948383,0.11286430837273903,9.747645377788938e-05,0.0001445185903710988,3,1.1957985660047166,0.04949743410809944,0.000728833782820848,0.0010805689664101891,3
Kronstadt,21,0.18370158188427116,0.02568760572874233,0.019671142548277204,0.02916443594207578,3,-0.013723232829019844,0.03536658176711667,0.017271258702595375,0.025606368152467904,3,-0.07405818823814417,0.023943172753522778,0.015614802792873111,0.023150506620713673,3,0.5704458881720588,0.03243093889487402,0.01562530934965467,0.02316608364179801,3,1.281837222758502,0.08783761360000672,0.0009840967935148548,0.0014590219060651236,3
Kronstadt,22,0.19541115463528447,nan,nan,nan,1,-0.09366304250271185,nan,nan,nan,1,-0.11708645659829933,nan,nan,nan,1,0.5238393342735088,nan,nan,nan,1,1.3101127498247012,nan,nan,nan,1
Kronstadt,23,0.20896319236984795,0.0029546200064256077,0.0020892318423729878,0.0030974951295021915,2,-0.07039815618234938,0.005529525891719586,0.00390996525478151,0.005796914486739066,2,-0.14258181183511884,0.019190340907425912,0.013569620188922465,0.020118318892096445,2,0.47619004561764433,0.010891159055499217,0.00770121242312477,0.011417817538524784,2,1.349604567878826,0.03336410117879949,0.023591982191723204,0.03497747279744882,2
Kronstadt,24,0.21494752242982715,0.00021449860163128668,0.0001966568979315242,0.00029156351687327774,3,-0.119054972163206,0.04090218541669357,0.02559705049086529,0.03795018705775687,3,-0.1717137286217348,0.019847296586004058,0.011205498776014705,0.0166132724853194,3,0.46089590784339973,0.018041507911268885,0.00021850462023709216,0.0003239549499635128,3,1.4374591243786494,0.01838982613218129,0.00015549768158984456,0.00023054086272510354,3
Kronstadt,25,0.1795973655152172,0.04982592039558825,0.03523224619058156,0.05223532820215622,2,-0.05765722084623639,0.053919749310973486,0.038127020377668026,0.056527120411930615,2,-0.13881563698910215,0.013684575483452508,0.009676456122008445,0.01434631384648972,2,0.5094281941280083,0.09152488439413296,0.06471786640240623,0.09595070872820748,2,1.3270901331611868,0.15274296364054368,0.1080055853687587,0.16012908086772165,2
Kronstadt,26,0.161603265511013,0.08633772891303801,0.06104999358665503,0.09051272049157474,2,-0.1212789309657677,0.03338151805572021,0.023604297783500934,0.03499573189381848,2,-0.21993643266878954,0.07340079516468961,0.05190220000543677,0.07695020172806055,2,0.4808901876779139,0.02801423797634435,0.019809057642846795,0.029368908861284657,2,1.3064452666454627,0.1873095740844071,0.13244787001624825,0.19636721208608965,2
Kronstadt,27,0.16035232385965903,nan,nan,nan,1,-0.0518019884717419,nan,nan,nan,1,-0.12909422680021823,nan,nan,nan,1,0.5154818220706219,nan,nan,nan,1,1.282132155616161,nan,nan,nan,1
Kronstadt,28,0.22255823309700662,nan,nan,nan,1,-0.06642774414304073,nan,nan,nan,1,-0.15250013670235738,nan,nan,nan,1,0.42976798963488577,nan,nan,nan,1,1.43862556369927,nan,nan,nan,1
Kronstadt,29,0.22455315336844411,0.0028609363437257685,0.0020229874891915384,0.0029992812514753747,2,-0.11328208070954565,6.628819954098772e-05,4.6872835408079405e-05,6.949366577601852e-05,2,-0.1777831504007361,0.013860496274011,0.009800850905964054,0.014530741553182305,2,0.4297555485519985,0.000105435614515896,7.455423800276084e-05,0.00011053411326289321,2,1.4219302267401432,0.023432593211613652,0.016569345560717874,0.024565711728320318,2
Kronstadt,30,0.19169384133540146,0.017053323181692125,0.004321544915824593,0.006407122492201542,3,-0.11528774623612166,0.04844935611773272,0.01966375440840827,0.029153482285906102,3,-0.1561912041851482,0.023065276738943232,0.007781100995960855,0.011536260336611563,3,0.44534620750523773,0.01961092683014044,0.015564812849796772,0.023076391531108693,3,1.343251636234293,0.06346545171012806,0.06288934490631237,0.09323974275809872,3
Kronstadt,31,0.1894576065925473,0.00822325741381435,0.005814721080750679,0.008620905474320956,2,-0.09193215697670745,0.035831171980915906,0.025336464685567057,0.03756384254282172,2,-0.10931348483006795,0.049826648812878446,0.035232761259386985,0.05223609184316714,2,0.5109687636138798,0.09278216264828588,0.06560689638175615,0.09726878457559167,2,1.312250814600611,0.04443171928666479,0.03141797000737778,0.046580282332938296,2
Kronstadt,32,0.09361366755922242,0.13830414417161327,0.09779579820994966,0.14499205042607136,2,-0.17873974009089932,0.029031998801706656,0.020528723224086498,0.03043588505203064,2,-0.23644604152131282,0.06903104492051836,0.0488123199756917,0.07236914559596051,2,0.390391799761005,0.011374813478962255,0.008043207745706354,0.01192485980378424,2,1.1290470854160408,0.2596690104936371,0.1836137181840516,0.2722256985796749,2
Kronstadt,33,0.21672852261079287,0.002539649937788332,0.001795803692850123,0.0026624585550195923,2,-0.09575904092373133,0.04695278391737806,0.0332006319035647,0.049223256860225016,2,-0.15626413027818836,0.038709502667802737,0.027371751832762067,0.04058135926725304,2,0.4256543724736793,0.027298400175769448,0.019302883879830618,0.02861845564023687,2,1.3424136322097682,0.04449796977686762,0.03146481617825714,0.04664973646588403,2
Kronstadt,34,0.21284029278895158,0.030407647810195376,0.021501453966521422,0.03187805565076466,2,-0.09177348223207042,0.0329816991577964,0.023321583129532475,0.034576579147844844,2,-0.16593985584915788,0.00831108907792796,0.0058768274460483105,0.008712984371511225,2,0.4371601094675148,0.011016334647677383,0.007789724933192993,0.011549046185951931,2,1.391147747927762,0.06578843099648388,0.046519445681237004,0.06896973016700197,2
Kronstadt,35,0.18158487318506614,0.035703889223636744,0.025246462184766838,0.03743040483513531,2,-0.07907184949862522,0.040167540265616634,0.028402740105401218,0.042109902480267844,2,-0.10570487208944249,0.04436515658343209,0.03137090306854783,0.04651050088942901,2,0.5135089010869365,0.11833734987293187,0.08367714256279515,0.12405973156360009,2,1.2796019964289735,0.08830599926801444,0.06244177090186731,0.09257616953910847,2
Kronstadt,36,0.2072344899114325,0.00789270605211178,0.0038381412965935446,0.005690428286329589,3,-0.1015517721452231,0.016446915292223408,0.0020544313440431367,0.0030458999106783543,3,-0.14461976117448141,0.005956963377504887,0.003684112103692877,0.0054620646049350595,3,0.4378110445295518,0.03144392102707157,0.00021597583860599734,0.00032020577831725163,3,1.3458686428112858,0.034184803605702675,0.0012887593213066761,0.001910714569769278,3
Kronstadt,37,0.19509426008869046,0.061350190428443814,0.027513319798057212,0.04079124793259962,3,-0.05860375337414313,0.026608605786702287,0.011713779063186519,0.017366848839080334,3,-0.054770616312709124,0.06651999240628068,0.02357507290004148,0.034952403081601496,3,0.5464537474429206,0.07835132000167855,0.03143769186603673,0.046609521960586056,3,1.3116007573096984,0.1273852078914258,0.09462212620920774,0.14028676431777137,3
Kronstadt,38,0.173733798686582,0.03619165596391497,0.02559136535445483,0.03794175827451473,2,-0.055646138374083935,0.031771503920237976,0.02246584587049525,0.03330786308759626,2,-0.10107052344883848,0.02122715933145729,0.015009868308600752,0.022253630754331472,2,0.49233651344309326,0.03313802275282996,0.023432120603640166,0.03474046200695691,2,1.2771490886373322,0.04931727212282748,0.03487257754767359,0.05170208347218086,2
Kronstadt,39,0.20695324361001016,0.02754597039117523,0.01947794245796386,0.028877997488177216,2,-0.03471834235624875,0.10974733164258049,0.07760308242159762,0.11505432999826062,2,-0.09381721209309014,0.06612110921543521,0.046754684705810554,0.06931849554483473,2,0.46078721959118674,0.021848471458536894,0.015449202326892175,0.022904987369850336,2,1.311011575787739,0.043177582484292244,0.03053116136988454,0.04526549984699082,2
Kronstadt,40,0.2423479894092267,nan,nan,nan,1,-0.040048583850303424,nan,nan,nan,1,-0.11128701973892727,nan,nan,nan,1,0.42951298367753676,nan,nan,nan,1,1.4044001031540692,nan,nan,nan,1
Kronstadt,41,0.12884046809779717,0.033882360014828625,6.844512295794969e-06,1.014767392974562e-05,3,-0.06063209498452097,0.05471078234363068,0.02738070532287102,0.040594633711688574,3,-0.14101881074222322,0.09013512490989582,0.08261792691772549,0.1224893384482198,3,0.4611387544564552,0.18396023796496885,0.10931283799343955,0.16206721360907347,3,1.2191888521612944,0.1319214686028717,0.0620665733662491,0.09201990167280091,3
Kronstadt,42,0.15097103876627058,nan,nan,nan,1,0.03218971500773442,nan,nan,nan,1,-0.0015667835466252533,nan,nan,nan,1,0.7186912566411674,nan,nan,nan,1,1.2221125070306247,nan,nan,nan,1
Kronstadt,44,0.15598875782812616,nan,nan,nan,1,-0.009842733635575859,nan,nan,nan,1,-0.02350432979518413,nan,nan,nan,1,0.5699428668782961,nan,nan,nan,1,1.1397170902075697,nan,nan,nan,1
Kronstadt,46,-0.010975723958235963,0.0647808576253323,0.04580698371795273,0.06791343406023671,2,-0.24615678226602564,0.18233915943233353,0.12893325611045806,0.1911564455093651,2,-0.37881627255947414,0.3756793599423657,0.2656454229670686,0.3938459040909759,2,0.367153249313844,0.28736700189118247,0.20319915572650254,0.3012630682801127,2,0.8847730989544955,0.10796359094350824,0.0763417872774052,0.11318433381748096,2
Luga,1,0.032700918544958296,0.02001394351016648,0.014151995174323213,0.020981748045451595,2,-0.29834679443276574,0.06973410965009773,0.04930946181359036,0.07310620808482907,2,-0.6318653237602003,0.22225283253543107,0.15715648502372145,0.23300020469616942,2,0.24610653175560232,0.16854733980438721,0.1191809669266355,0.1766977015654298,2,1.0380950032621958,0.04565599310733263,0.03228366232800117,0.04786375776749453,2
Luga,2,-0.002960514916735672,nan,nan,nan,1,-0.35349735559066525,nan,nan,nan,1,-0.6347470203433403,nan,nan,nan,1,0.20533196472726187,nan,nan,nan,1,0.9511147804516531,nan,nan,nan,1
Luga,3,0.04149675447508984,0.02691911437016567,0.019034688314680383,0.028220828895345135,2,-0.250985625690898,0.0897924210303681,0.06349282980973084,0.09413446947590694,2,-0.5185933223288048,0.2334276753620815,0.1650582921651398,0.24471542396403628,2,0.303659822819477,0.20311878950449597,0.14362667344503202,0.21294090604960447,2,1.052015807098385,0.04738233507162723,0.033504370437600794,0.04967357961078694,2
Luga,4,0.0986036036151769,0.053860902951073805,0.03808540971753482,0.056465428447217116,2,-0.22802695795619204,0.07390767236808614,0.05226061631318733,0.07748158974593154,2,-0.42476640036028557,0.2970412374701795,0.21003987330720753,0.31140511616526584,2,0.32911095862417716,0.18652284133854055,0.1318915659566645,0.1955424356873508,2,1.1316070800697982,0.05659345495917037,0.04001761577240481,0.059330117144167374,2
Luga,5,0.07226580986065301,nan,nan,nan,1,-0.2910147671467287,nan,nan,nan,1,-0.6748039895731306,nan,nan,nan,1,0.20801871239000777,nan,nan,nan,1,1.117023745177379,nan,nan,nan,1
Luga,6,0.014933807733605416,0.08390287992873424,0.05932829535868865,0.08796013069879179,2,-0.32087947107940606,0.05031664411912368,0.03557924026318257,0.052749781614194476,2,-0.6983187145250727,0.009777310749155256,0.006913602732495805,0.01025010741119828,2,0.17574371372919137,0.01132434410824968,0.008007520511433275,0.011871949910250973,2,0.9660141745739822,0.1368965852957656,0.09680050378391847,0.14351642691003752,2
Luga,7,0.035025891347125984,0.009860074017112691,0.0069721252005016665,0.01033687282226377,2,-0.23828430720187987,0.04899253948243742,0.03464295689558117,0.05136164789338864,2,-0.5479060797483942,0.19609014695229982,0.13865667263383782,0.20557238284692794,2,0.29195399473813277,0.16850460716638166,0.11915075038852378,0.17665290252602536,2,1.0496547930459954,0.021169052985468367,0.014968780917322011,0.022192714588021613,2
Luga,8,0.05273619535278955,nan,nan,nan,1,-0.29110396796495436,nan,nan,nan,1,-0.7442189511787283,nan,nan,nan,1,0.1318445034606127,nan,nan,nan,1,1.0774913364190772,nan,nan,nan,1
Luga,9,0.08394770098774743,0.06907772886437274,0.048845330508963676,0.07241808701258955,2,-0.18994802839256705,0.1043168786684322,0.07376317229866272,0.10936127924999735,2,-0.504882524346072,0.2775221798061187,0.19623781527057887,0.2909421849201602,2,0.2804459122534231,0.16668671884277841,0.11786530922746408,0.17474710746063823,2,1.1118586416621232,0.11711981306432485,0.0828162140290849,0.12278331891952127,2
Luga,10,0.11710076796219207,0.04967858738839278,0.035128066022101036,0.052080870684366995,2,-0.12214817271038894,0.08983925483550469,0.0635259463109317,0.09418356800058733,2,-0.3278570878532915,0.17114535209848195,0.12101803903739591,0.17942134467684318,2,0.3984457728901813,0.15447302289373493,0.10922892199854478,0.16194279975504247,2,1.163086653230995,0.07655795180850558,0.05413464687754721,0.08026002746065149,2
Luga,11,0.17377890205828167,0.18499045303794046,0.13080800379789925,0.19393594643076542,2,-0.06254471477368861,0.2872920673202291,0.20314616898323612,0.30118451013454584,2,-0.322230468662695,0.5553057007480097,0.3926604266304653,0.5821583485223278,2,0.48241640813661235,0.47780329225707907,0.33785794802823843,0.5009081937466663,2,1.3272633850304092,0.42098773594179395,0.29768328288081414,0.441345235199095,2
Luga,12,0.2657074048740985,nan,nan,nan,1,0.14652710595062712,nan,nan,nan,1,0.12300335359342071,nan,nan,nan,1,0.964942712109826,nan,nan,nan,1,1.4999077744980003,nan,nan,nan,1
Luga,13,0.2772329618200376,nan,nan,nan,1,0.18361963270593337,nan,nan,nan,1,0.15251309070295926,nan,nan,nan,1,1.054702009908971,nan,nan,nan,1,1.5778767973909533,nan,nan,nan,1
Luga,14,0.2754498901243313,0.008197572622128028,0.005796559190375916,0.008593978655651332,2,0.17963069422809083,0.0055174635597857215,0.0039014358980741515,0.005784268862484737,2,0.14253078383986884,0.019372939396826796,0.01369873681901225,0.02030974720786756,2,1.0661965392909962,0.06092296693920721,0.04307904305271726,0.06386898922995861,2,1.5469541010127998,0.02238774027945257,0.015830522967044125,0.023470333350939617,2
Luga,16,0.3036370796192831,0.026194839191011586,0.01852254842405543,0.02746153029350458,2,0.0957038931819811,0.02209671406720231,0.015624736358858929,0.02316523412564425,2,0.07182182801927994,0.022799215191548695,0.016121479667675433,0.023901705755295596,2,0.9189018975144353,0.06501077890137803,0.04596956261138374,0.06815447352763752,2,1.630723855697793,0.12370623049682405,0.08747351445933038,0.12968823253740322,2
Luga,17,0.29700765340442375,nan,nan,nan,1,-0.034122467657024216,nan,nan,nan,1,-0.04691074454485683,nan,nan,nan,1,0.6640437936339297,nan,nan,nan,1,1.4133912628541254,nan,nan,nan,1
Luga,18,0.40907628665041607,0.01525435550624226,0.010786458221094253,0.015992002958594338,2,0.02636550910565629,0.023511164824215686,0.016624904080797538,0.02464808279019043,2,-0.012276481986032437,0.017242849518045347,0.012192535821189057,0.018076653608494895,2,0.7225929711011018,0.024617622596354048,0.01740728787457313,0.02580804500284212,2,2.0462858462155635,0.02318987596416495,0.016397718549135964,0.02431125752094898,2
Luga,19,0.4278662244714682,0.02950705694885625,0.02325471093383702,0.03447743443050676,3,-0.002094348639521813,0.02388877970569973,0.01586739127411992,0.02352499430301019,3,-0.044979171575006874,0.027821231479369532,0.017535684840478592,0.02599840634449356,3,0.6913383677910746,0.049711361327391415,0.00014374749977552614,0.00021312004316719504,3,2.093428551581752,0.1661275979162942,0.06309223840186773,0.09354055265460909,3
Luga,20,0.497843896462266,0.2644789728362442,0.006126027063155792,0.009082447723834777,3,-0.03707986114332551,0.02349368955590652,0.02345994890716037,0.03478172024975596,3,-0.08006663306230505,0.011893280843977061,0.007827664428607273,0.011605295281853141,3,0.6327007891035376,0.055473067933743445,0.004071254826002013,0.006036042405030585,3,2.5938569759220886,0.9039719872927763,0.0925688467840402,0.137242572242018,3
Luga,21,0.43160575142347685,0.25328032163961445,0.10161242927769293,0.15065058764710754,3,-0.06834587751207505,0.029531034484718947,0.023550768386365106,0.0349163692096249,3,-0.09571756302281183,0.03438466264382837,0.0019644405150955613,0.002912479507680679,3,0.5742000732611747,0.1073718261798891,0.07026356296026914,0.10417275844489503,3,2.249568074706935,0.8912516178828146,0.5924702614730064,0.8783964096598793,3
Luga,22,0.5537512876136683,0.05388790914238303,0.03810450597854359,0.056493740563788725,2,-0.09670043882948903,0.00959060235052247,0.006781579957718081,0.010054370445312827,2,-0.15383893758550535,0.0035024109970748134,0.002476578566533938,0.003671775382743216,2,0.5194971587909442,0.021978482358145535,0.01554113391563361,0.023041285143318387,2,3.006541105562964,0.4973844019803206,0.35170388349670034,0.5214361776722078,2
Luga,23,0.5607941753313502,0.04786908759120149,0.029465760144523623,0.04368593599027072,3,-0.1387142400838189,0.028508327876488625,0.0077918890576627875,0.011552254716890848,3,-0.20124927392591238,0.031042814824670698,0.011763676715900312,0.017440827098993802,3,0.47281667070174865,0.031296912914393,0.023119374974343854,0.0342767853369622,3,3.0321232810889085,0.4431558581346898,0.1891387545160068,0.2804171174454317,3
Luga,24,0.559020149907377,0.03376477049332427,0.000511307304235542,0.0007580642092596147,3,-0.1464325843115939,0.03332948684137493,0.00572523189788679,0.008488228811806954,3,-0.19907965538758202,0.026456263266250953,0.00017322676110420598,0.00025682599601309575,3,0.4648877300835302,0.06441360506065505,0.06240067727954818,0.09251524413465813,3,3.0934522913721936,0.39955662317140705,0.25049929610994237,0.37139025641260054,3
Luga,25,0.4647295929463344,0.18929449317291658,0.11160638043929827,0.1654676196393036,3,-0.10743198423292624,0.012968695410396892,0.007623445974815901,0.011302521002262055,3,-0.15814829704988168,0.016715188417626627,0.013690586023845236,0.020297662838952946,3,0.4766263851551724,0.0428708540164942,0.019404680233212124,0.028769378913760295,3,2.374785271417599,0.938293336533301,0.9073114747669528,1.3451799924894843,3
Luga,26,0.5410218928327932,0.005593038433745153,0.003954875403938185,0.005863498273878753,2,-0.0816079805576318,0.0006046585954533609,0.0004275581931478048,0.0006338977771609353,2,-0.13337647344189435,0.006355755782485088,0.004494198013360817,0.006663097974608748,2,0.5136680791514574,0.03572581490180377,0.02526196598048086,0.037453390762660924,2,2.780287243826442,0.04179910955919015,0.029556433816862793,0.04382036877688077,2
Luga,27,0.5585305559405498,nan,nan,nan,1,-0.05480711445733372,nan,nan,nan,1,-0.11722712177891734,nan,nan,nan,1,0.5197439439646083,nan,nan,nan,1,3.0932739573949783,nan,nan,nan,1
Luga,28,0.544758130712093,0.18694459355018278,0.07035148132132985,0.10430310620700363,3,-0.12118590398324977,0.0009999224905409309,3.4889509567481714e-05,5.172718688474839e-05,3,-0.1738334738964788,0.00417941633723276,0.002008976869560475,0.00297850910681036,3,0.4959849901134043,0.05932072213676062,0.04283962753499049,0.06351403178337689,3,2.966257144584679,1.0090240541077067,0.5951601071918007,0.8823843749225636,3
Luga,29,0.4024641369806339,0.10707873419818904,0.00026181678591152835,0.0003881695667924319,3,-0.10747521748426295,0.026552447563605048,0.011896829607418793,0.017638239575959103,3,-0.14287308695651432,0.023635292750666136,0.0041934596801431745,0.00621722332178027,3,0.5390177246236614,0.04426564979447055,0.004362660980379629,0.006468081169510837,3,2.093642044395074,0.7065118094969672,0.0627436085671933,0.09302367406172078,3
Luga,30,0.6055947929788412,0.05889241396594715,0.019366720036231078,0.028713099125716193,3,-0.12108697463312443,0.026586610502638733,0.001941540447942272,0.0028785278681192124,3,-0.17177546083151618,0.019704307253054044,0.001961429116657337,0.002908014808356168,3,0.4744916882228974,0.01889500874030209,0.005628819462753676,0.0083452877354786,3,3.4054457877069435,0.39918893618267126,0.2519286738152373,0.37350945179847084,3
Luga,31,0.5116901139796837,0.022180883159240196,0.015684252894605233,0.023253473341541715,2,-0.11036796544402491,0.03729582591592886,0.026372131415106276,0.03909932203603656,2,-0.14353362984243273,0.034487475589160294,0.024386327855100767,0.036155169677972394,2,0.5215015800251264,0.04148681711408395,0.029335609711214877,0.04349297495784717,2,2.687657597360693,0.0455851999880086,0.032233604033265806,0.04778954133971988,2
Luga,32,0.04495012257041759,nan,nan,nan,1,-0.177684389420454,nan,nan,nan,1,-0.29475819702861117,nan,nan,nan,1,0.3945066423059865,nan,nan,nan,1,1.0700830382020468,nan,nan,nan,1
Luga,33,0.54495298691251,0.28786889451541314,0.023438922916724225,0.03475054711633534,3,-0.16205595668611839,0.09325627993497027,0.023572786563355347,0.03494901335883063,3,-0.2442337979330099,0.12103901773137418,0.038783053775750614,0.05749975552792786,3,0.41803594284108614,0.10654878753382623,0.023570024938934953,0.03494491897446496,3,2.9067166306663608,1.0764935640506204,0.09250360083813591,0.1371458386026203,3
Luga,34,0.6503366661084506,0.10949697429971973,0.008019572303356037,0.01188981789695566,3,-0.11128663323196916,0.03874697925845035,0.014679098555676534,0.02176323151864603,3,-0.1620636364284807,0.050098289373454376,0.0409217417924964,0.06067057438155516,3,0.46268687973382683,0.05004701424745188,0.02924069048102418,0.04335224770716645,3,3.9664614149801523,1.0092719338174072,0.0007452542868637835,0.0011049140057042453,3
Luga,35,0.5952670376361728,0.033792925312994083,0.023895206644948652,0.03542703337180087,2,-0.05568020326592696,0.03445510240047381,0.02436343655385192,0.03612123103474086,2,-0.10252773273330902,0.040154682253033994,0.028393648117511452,0.04209642269902248,2,0.5341497773481654,0.07055569460520389,0.04989041010666678,0.07396752202414417,2,3.2953277276716317,0.3310604257051164,0.23409507199859303,0.347069353745114,2
Luga,36,0.5565115333870645,0.049847090241144636,0.017415890407648682,0.025820799118379936,3,-0.07031960643725724,0.032812445675101505,0.021554480178362735,0.03195667231244059,3,-0.12310128443843954,0.037217546929403544,0.031222784283214344,0.04629089997829358,3,0.5158635067353712,0.05086649450182282,0.04312911284194987,0.06394322269947487,3,2.968035760690269,0.4163792746569318,0.061059036700289226,0.09052612781184881,3
Luga,37,0.6191391232141705,0.1387610036653007,0.007774889736968715,0.011527051524029816,3,-0.08009835057172465,0.023761675572197223,0.0038940978519099723,0.005773389475241725,3,-0.1347275542633708,0.02728056508666282,0.007779848327355621,0.011534403130137443,3,0.4805825495376984,0.021395031204216958,0.01925354384786332,0.028545304108842155,3,3.5007330768141793,0.9472301976576196,0.09061323299503954,0.1343431792384456,3
Luga,38,0.5518068984953539,0.07589228099228026,0.0536639465293563,0.07956216712442364,2,-0.05813626812575081,0.0007043657590941235,0.0004980618046910648,0.0007384264316349727,2,-0.11619630165745054,0.007040854991021915,0.0049786363095027444,0.007381326192468769,2,0.5488794951140895,0.041268605785925096,0.029181311001342025,0.043264211690589686,2,2.960710760311567,0.5408014967879591,0.38240440565460077,0.5669527718235111,2
Luga,39,0.5799536931972546,nan,nan,nan,1,-0.05673484005822853,nan,nan,nan,1,-0.11522514878434764,nan,nan,nan,1,0.49635070668535786,nan,nan,nan,1,3.0934553217195195,nan,nan,nan,1
Luga,40,0.5567056365113462,nan,nan,nan,1,-0.09181908890841949,nan,nan,nan,1,-0.15810835563393158,nan,nan,nan,1,0.5156813829929936,nan,nan,nan,1,2.344416689096485,nan,nan,nan,1
Luga,41,0.4804798328877399,0.2112889696948143,0.10937412909654776,0.16215808379854169,3,-0.07997569875370059,0.0434403550259003,0.03131454684846499,0.04642694715753419,3,-0.13866398469380772,0.03293247060060713,0.031146497857766187,0.04617779772392414,3,0.5391447314655684,0.02898367273389049,0.005727997086820924,0.008492328480920701,3,2.452960905071073,0.8847781973939702,0.7035774816790155,1.0431239743373082,3
Luga,42,0.5048909562518841,0.00981122102125199,0.006937580915847286,0.010285657465835185,2,0.021064536442738743,0.011756421807182308,0.008313045582348017,0.012324921380389169,2,-0.054659320322186775,0.005471588575788848,0.0038689973858031385,0.005736175524191733,2,0.5993173440256534,0.002833253192021654,0.002003412544896943,0.0029702594390642076,2,2.5271288901291733,0.08217375352721479,0.05810561835464556,0.0861473897725975,2
Luga,43,0.15436865951401554,nan,nan,nan,1,-0.005842115997705711,nan,nan,nan,1,-0.009636122090379277,nan,nan,nan,1,0.8516257589829191,nan,nan,nan,1,1.3041625247863442,nan,nan,nan,1
Luga,44,0.4316265162721734,nan,nan,nan,1,0.01751069319221174,nan,nan,nan,1,-0.03514172746951373,nan,nan,nan,1,0.60907688508233,nan,nan,nan,1,1.9836101881813653,nan,nan,nan,1
Luga,46,0.037073487560309114,nan,nan,nan,1,-0.15831553537836196,nan,nan,nan,1,-0.17779760536801698,nan,nan,nan,1,0.5039228570504811,nan,nan,nan,1,1.0197230035740559,nan,nan,nan,1
Luga,47,0.18347098874663872,nan,nan,nan,1,-0.15822509492608028,nan,nan,nan,1,-0.16785972876007138,nan,nan,nan,1,0.5353755577638938,nan,nan,nan,1,1.2969323375398067,nan,nan,nan,1
Luga,50,0.06045354143520971,nan,nan,nan,1,-0.31546901026576857,nan,nan,nan,1,-0.642487947697447,nan,nan,nan,1,0.18653732381395335,nan,nan,nan,1,1.1015296863904669,nan,nan,nan,1
Pskov-76VDV,1,0.05651564326317204,0.04866960761345755,0.02341843913862792,0.034720177866929755,3,-0.3194612629511587,0.026426616461413553,0.012831522765080539,0.019024015651508405,3,-0.6543536434188726,0.053424477251453745,0.031275445093869814,0.04636897489617138,3,0.1894681309680063,0.03637269867953308,0.033555100538641386,0.049748792058589716,3,1.1006973326079568,0.1246416356151331,0.03158439669197932,0.04682702653552854,3
Pskov-76VDV,2,0.048837613158102214,nan,nan,nan,1,-0.27638823510411187,nan,nan,nan,1,-0.6464920035899527,nan,nan,nan,1,0.1814900602606755,nan,nan,nan,1,1.0782136635130735,nan,nan,nan,1
Pskov-76VDV,4,0.06447004343924673,nan,nan,nan,1,-0.2871949961397274,nan,nan,nan,1,-0.6973077886157297,nan,nan,nan,1,0.16207267470359502,nan,nan,nan,1,1.100776992670771,nan,nan,nan,1
Pskov-76VDV,5,0.08652697360556252,0.029801085050486547,0.021072549325916082,0.03124216163060318,2,-0.2534469800515005,0.024113442636366784,0.01705077880592777,0.02527948465766851,2,-0.5578082401410298,0.08704657976317716,0.06155122682963826,0.09125584889762169,2,0.22756174845271504,0.015300267747359535,0.010818923078127748,0.016040135355632198,2,1.1582045257676674,0.06367136842791395,0.045022456382805,0.06675029383314669,2
Pskov-76VDV,6,0.055649312565114344,0.018048820206431608,0.012762443160384572,0.018921598229586164,2,-0.2930500931307024,0.008130121702553311,0.005748864187747366,0.008523266044754244,2,-0.728573456335954,0.0001456203357469694,0.00010296912688534388,0.00015266202752021082,2,0.1376885933874879,0.00966282436000339,0.006832648630372959,0.010130084859390948,2,1.1031123378847956,0.02000412764219687,0.014145054307518667,0.020971457516327174,2
Pskov-76VDV,7,0.05670080197130845,0.016578459460865547,0.011722741106404304,0.01738013596435502,2,-0.25880257836683096,0.016594159916531428,0.011733843005073366,0.01739659563932177,2,-0.6294288683277557,0.08072107851931964,0.05707842200570268,0.08462446846565479,2,0.20073475687106407,0.039490150629056676,0.027923753299884183,0.04139975664240829,2,1.0955434174322074,0.03035409516720414,0.021463586529511858,0.031821913388654276,2
Pskov-76VDV,8,0.02829432563268725,nan,nan,nan,1,-0.2958494483676622,nan,nan,nan,1,-0.7558911808661097,nan,nan,nan,1,0.13469495113321556,nan,nan,nan,1,1.0433116394829887,nan,nan,nan,1
Pskov-76VDV,9,0.050684468615393045,0.16470865117423836,0.03600610512205979,0.05338265145396584,3,-0.19442478576480882,0.15242295855738466,0.08894806575176378,0.13187440228356498,3,-0.38485090346367656,0.2964185272423231,0.271856915544735,0.4030550629866241,3,0.4002895053060934,0.18494210140836273,0.10352556065098262,0.1534869962211468,3,1.046276757780451,0.4070986273676667,0.032740347903235545,0.04854083980133701,3
Pskov-76VDV,10,0.270460858091666,0.03184998091429555,0.022521337485160497,0.03339013495549895,2,0.03823468514480327,0.06232964871343101,0.04407371727424243,0.06534369323079182,2,-0.07813433639905538,0.0719867597322798,0.050902325962341746,0.07546778847176787,2,0.5740616154347783,0.09929789497800214,0.07021421489649493,0.10409959500554337,2,1.6319762495153285,0.12128278948501751,0.08575988288607639,0.12714760236689684,2
Pskov-76VDV,11,0.2478826198478296,0.15494482273899984,0.07821649935711611,0.11596378194686034,3,0.09164135588544327,0.22984983563801387,0.06264812342737104,0.09288210779342031,3,0.01950069393725518,0.433063978759454,0.07224707652327506,0.1071135156534076,3,0.7540257346251319,0.36821669741361296,0.039002270137044825,0.057824765705182656,3,1.546532886906166,0.3799350872586456,0.2495982927591236,0.3700544288446766,3
Pskov-76VDV,12,0.3300592603859546,nan,nan,nan,1,0.16214318408368839,nan,nan,nan,1,0.11129114291619864,nan,nan,nan,1,0.847547863826497,nan,nan,nan,1,1.7967485545017454,nan,nan,nan,1
Pskov-76VDV,13,0.2196066789524647,0.05118911323167845,0.036196169089045854,0.05366444029141938,2,0.08099498926052767,0.03183755045745276,0.022512547824833716,0.03337710340509847,2,0.047804985264357495,0.01798796059939625,0.012719408919549521,0.01885779566412412,2,0.7989131981173994,0.013967683788510276,0.009876643924325024,0.014643112282204279,2,1.433808724170754,0.14842996481247336,0.10495583465018055,0.15560752045235768,2
Pskov-76VDV,14,0.32622567334348707,0.016605397870921502,0.011741789438829253,0.01740837702200825,2,0.16797607352046928,0.013734003655762092,0.00971140711783021,0.014398132192895067,2,0.12099765397454273,0.008316071197704148,0.005880350336726736,0.00871820740923106,2,0.8945406982205752,0.011016728290426752,0.007790003280650437,0.011549458863892338,2,1.7879146563755093,0.0767147478023065,0.054245518388026714,0.08042440556208841,2
Pskov-76VDV,15,0.3162393650329275,nan,nan,nan,1,0.1971960097773208,nan,nan,nan,1,0.13870590015857764,nan,nan,nan,1,0.9298166839423296,nan,nan,nan,1,1.7812474874826791,nan,nan,nan,1
Pskov-76VDV,16,0.3554618901317891,0.035929172471930636,0.02540576149732318,0.03766658199593135,2,0.11200522412759945,0.023136784754668547,0.01636017739487966,0.02425559900564858,2,0.079127792478935,0.01516717993619882,0.010724815784362733,0.015900611881896187,2,0.8164681750537301,0.011229168665868773,0.007940221310723306,0.011772172115278373,2,1.9194790466085272,0.13570001822534697,0.09595440309428094,0.1422619980275809,2
Pskov-76VDV,17,0.4668258409724596,0.12277709710237739,0.031148949705759488,0.046181432833759015,3,0.017570313430483257,0.013782274077412738,0.011872872994650365,0.01760272150186863,3,-0.025463789474476636,0.005965823433462949,0.0037121068251678643,0.005503569578993875,3,0.628918758853701,0.058653821896637426,0.031352355102992724,0.04648300167569701,3,2.4054747963522076,0.5299388052641165,0.2527123893414065,0.37467138843756925,3
Pskov-76VDV,18,0.57035336235796,nan,nan,nan,1,-0.04114070242107768,nan,nan,nan,1,-0.10561506721656322,nan,nan,nan,1,0.5058949576906091,nan,nan,nan,1,3.1866919880851023,nan,nan,nan,1
Pskov-76VDV,19,0.5799088732151348,0.023709282980687738,0.023698809068791182,0.035135854325389806,3,-0.06455949952779187,0.01036389486142893,0.0036516079922049027,0.005413874009242988,3,-0.12678150059875407,0.011250305125230738,0.0003538175114397857,0.0005245698424606262,3,0.47264240583707207,0.009007366339385005,4.4163018332932236e-05,6.547609098040533e-05,3,3.345446190925356,0.2495377785907104,0.2491353541537289,0.36936807606831845,3
Pskov-76VDV,20,0.584048299369216,0.07684134814748485,0.027611474906965472,0.040936772697067005,3,-0.09980872859172511,0.02848998811877301,0.007567559878071103,0.011219664275228218,3,-0.15817641003128474,0.028416902195867046,0.007703558169660868,0.011421295342339202,3,0.4650243195971784,0.02353787453076131,0.023406738264542315,0.03470283015101044,3,3.3434421904009044,0.6767636294128289,0.37194015479511267,0.551438473499234,3
Pskov-76VDV,21,0.6931126023188775,0.08817208440011069,0.07449037823166282,0.11043943476626329,3,-0.16189758549363975,0.0406251910562002,0.013349361540271526,0.01979176341960656,3,-0.22479516623436566,0.03687619227928824,0.015985267541335085,0.023699757656783397,3,0.34773419908846515,0.03928357941391943,0.031037486275320325,0.04601617715178991,3,4.78377368070458,1.436615426768611,1.4344638438536643,2.1267360948974425,3
Pskov-76VDV,22,0.7441751280698247,0.01371939778558937,0.0038173625538932,0.0056596217224020575,3,-0.22865766151071246,0.013612348148779313,0.011802508748904761,0.0174983994711262,3,-0.2907555783877689,0.01701121622404396,0.004258115301578269,0.006313081746119942,3,0.2889255210505842,0.008101747685717418,0.0036732861050868815,0.00544601397940181,3,5.532079744197385,0.4098418735858508,0.18706426212843574,0.2773414750316188,3
Pskov-76VDV,23,0.6424827315176334,0.35640976129101415,0.11348098423327468,0.16824690722425303,3,-0.19335568341429044,0.0559038549101552,0.04687066694435851,0.06949045081170593,3,-0.25184664412950564,0.04134663244193501,0.031240938135312202,0.04631781487941387,3,0.34756658678038954,0.11808494070683044,0.05439009332251504,0.08063875235996079,3,4.56460260563034,2.373808719414432,1.153628401334342,1.7103694678182955,3
Pskov-76VDV,24,0.7790687573037509,0.074428013007608,0.05106642936094519,0.07571108817053733,3,-0.26013668807842005,0.042441100676324214,0.030805768369191855,0.04567263218416384,3,-0.306629537700092,0.034739575635372735,0.0235317562490715,0.0348881818148734,3,0.27726913480500676,0.04700688308429488,0.03904850850875902,0.057893318715086114,3,6.526202697905871,1.935163663211342,1.5708360771240155,2.3289215679440654,3
Pskov-76VDV,25,0.6600799176375532,0.15175307778346603,0.10730563036661844,0.1590913275815485,2,-0.1778026743465415,0.06620668730780081,0.046815197555243285,0.0694082118954037,2,-0.23234962125101116,0.0666153106474257,0.04710413788964313,0.0698365948351849,2,0.3555202929975335,0.09944166334774902,0.0703158744856631,0.1042503155124441,2,4.687656804423267,2.0773664948086337,1.4689199354889138,2.1778206963558633,2
Pskov-76VDV,26,0.7637477330167193,0.07165481842235372,0.050667608011137066,0.0751197956373118,2,-0.22462382523220037,0.03310825654583812,0.023411072716826034,0.03470925640996628,2,-0.2714938633779021,0.022024354337432075,0.01557357030325357,0.023089375331603743,2,0.2968130728007583,0.016528689445842813,0.011687548391281971,0.017327959244914648,2,6.109494001151701,1.8809249860236992,1.3300148125205697,1.9718799610429967,2
Pskov-76VDV,27,0.8042463010080729,0.013150315555116433,0.009298677303765768,0.013786218970563126,2,-0.24622392960016928,0.041394299960171486,0.029270190204307295,0.043395983996905994,2,-0.2906008466777396,0.0325328568374073,0.023004203681101842,0.03410603237760159,2,0.273236744546423,0.02754778855095013,0.019479228091069972,0.028879903567820338,2,7.095497721529252,0.35185889842969237,0.24880181310046412,0.3688735681027481,2
Pskov-76VDV,28,0.787190468822153,0.4573598611843312,0.007822915515106832,0.011598254542697388,3,-0.24798024581973266,0.036654340076429634,0.00012499073195001986,0.00018531125918909942,3,-0.29086249334674996,0.04535115573720704,0.007690695454118268,0.011402225080275745,3,0.2771433748717028,0.05107764119999904,0.007562521677286216,0.011212194638744543,3,6.530881801123952,3.292827175122646,0.3123851080018625,0.46314216112356127,3
Pskov-76VDV,29,0.6875072563414455,0.14095415519065752,0.09966963897173492,0.14777020673949418,2,-0.19444958193179118,0.048562815890847016,0.034339096429931756,0.05091114436701682,2,-0.2402785274968881,0.033022328008945105,0.023350312065691547,0.03461917266859429,2,0.32814910904477057,0.07211979710564043,0.050996397591196285,0.0756072590687076,2,4.905736398028093,2.2099756132495867,1.5626887423856817,2.3168423294610117,2
Pskov-76VDV,30,0.5502009313521804,0.14061597084214603,0.005524086449220311,0.008190010569614032,3,-0.17579670852880477,0.03177099569747179,0.021573071931647675,0.03198423644586084,3,-0.2303636931491121,0.030374333278559908,0.02750791551666487,0.04078323554500734,3,0.38266020560917047,0.05698022265317068,0.027526055412653516,0.0408101297548001,3,3.0322578229416197,2.220775561669733,0.1278584810038086,0.1895629839362466,3
Pskov-76VDV,31,0.7423595346024214,0.005439967263487891,0.0038466377414451136,0.005703025115466525,2,-0.19252240605634185,0.026122569104859366,0.01847144575606026,0.027385765477934938,2,-0.23138754712323528,0.02078011440918343,0.01469375981256589,0.021784968298110188,2,0.3104517281652872,0.03031267189584436,0.021434295853434426,0.03177848703230188,2,5.280398037247636,0.1787606750723866,0.12640288555316959,0.18740491812112922,2
Pskov-76VDV,32,0.04103849774393963,nan,nan,nan,1,-0.13481350693279523,nan,nan,nan,1,-0.2285884072497158,nan,nan,nan,1,0.4884162838801469,nan,nan,nan,1,1.0704349564124307,nan,nan,nan,1
Pskov-76VDV,33,0.69715714760189,0.23997061110182447,0.07845730274168039,0.11632079704481534,3,-0.1777595117911956,0.046559317305060306,0.023382737091444478,0.03466724601177558,3,-0.21686194475855633,0.045482188363734216,0.023319632283482966,0.03457368682349184,3,0.3245424651683333,0.11969640013124981,0.0005755359546851246,0.0008532896064161658,3,3.8423248486566903,2.0843405115846267,1.8441771398543618,2.7341770275480766,3
Pskov-76VDV,34,0.4130299528381498,0.4819070762457809,0.3407597615151743,0.5052104224223973,2,-0.17869802094969772,0.04550552095926587,0.03217726245172346,0.0477060093109252,2,-0.24710525561784782,0.009717835511313368,0.006871547388505123,0.010187756158197694,2,0.3887186565035323,0.11896330789394474,0.08411976172419147,0.12471595873228628,2,3.522777533601247,3.3711653604249845,2.383773886857698,3.534183164655223,2
Pskov-76VDV,35,0.7754825054498848,nan,nan,nan,1,-0.17382811956839195,nan,nan,nan,1,-0.2167035492288399,nan,nan,nan,1,0.3164463958544038,nan,nan,nan,1,6.157161145177116,nan,nan,nan,1
Pskov-76VDV,36,0.7637433354525947,0.03869744152773894,0.027363223318834118,0.04056871489250346,2,-0.15336483675550328,0.05387897943618777,0.038098191722738914,0.05648437904813271,2,-0.19337674909612157,0.04972638659386384,0.035161865164424946,0.05213098129277642,2,0.3280525598333178,0.027716864054550566,0.01959878252619837,0.029057154973341704,2,5.7653765854186885,0.9492783182314944,0.6712411360548511,0.9951821083149223,2
Pskov-76VDV,37,0.7501309341139524,0.03563179586730206,0.025307198787343,0.03752045292211473,3,-0.17386014566453803,0.020370226654765067,0.009721010035725092,0.014412369478966021,3,-0.21666525027996222,0.02768693414625151,0.01188413916273559,0.017619424722671785,3,0.33184242092341043,0.028208248395771456,0.015587827241468843,0.023110512668201705,3,5.8426739594240935,0.7432179763337087,0.1848006581447006,0.27398545576533306,3
Pskov-76VDV,38,0.8045885261322506,0.035747205205704145,0.025277091209420455,0.037475815427086764,2,-0.18748903273109208,0.041571595234014054,0.029395556894713695,0.04358185265210252,2,-0.23435801075818402,0.05247640086147757,0.037106418901414376,0.05501397666323695,2,0.3047256237198338,0.03872519272072493,0.027382846375580527,0.04059780803643569,2,6.843125247417804,1.237455281914962,0.8750130212571805,1.2972943053158958,2
Pskov-76VDV,39,0.7295622655926379,0.009834040394356772,0.006953716649312103,0.010309580304270123,2,-0.1366719263406481,0.002856459481304339,0.002019821869414906,0.00299458790359454,2,-0.17783320315951168,0.0055109289491748065,0.0038968152305987602,0.005777418260885721,2,0.3633320404573458,0.00012808149200452243,9.056729154088838e-05,0.0001342750664385211,2,4.8439974407705115,0.4439186678786028,0.31389790035225884,0.4653850270622589,2
Pskov-76VDV,40,0.719918066891506,nan,nan,nan,1,-0.13279718328774234,nan,nan,nan,1,-0.1895692799648084,nan,nan,nan,1,0.37107683282289994,nan,nan,nan,1,4.187995469274649,nan,nan,nan,1
Pskov-76VDV,41,0.6660200306197197,0.3213996262725716,0.046853670186117524,0.06946525141793784,3,-0.14261190122632736,0.04876470905108992,0.03911651160256188,0.05799414010195824,3,-0.20096632618316254,0.09239244267535744,0.0036796859061264398,0.00545550232442306,3,0.3554291522467218,0.035427515636382176,0.0001441242434503387,0.00021367860333947213,3,3.84303179659948,1.802339526260142,0.9087573034609835,1.347323578111254,3
Pskov-76VDV,42,0.640530742544704,0.0027475221244033154,0.0019427915256256534,0.0028803827158925934,2,-0.03712481015900332,6.349625400034699e-05,4.48986317835888e-05,6.656671148234874e-05,2,-0.11036434454389908,0.004154733254396151,0.0029378400582047715,0.004355641670294394,2,0.4571457601882358,0.011230917674598447,0.007941458046656413,0.011774005699972797,2,3.686432273304634,0.045145059457241274,0.031922377679285185,0.04732811714730821,2
Pskov-76VDV,44,0.5762038982842987,nan,nan,nan,1,0.03714316134820638,nan,nan,nan,1,-0.033210701581100434,nan,nan,nan,1,0.55886242011659,nan,nan,nan,1,3.03049278512628,nan,nan,nan,1
Pskov-76VDV,46,0.0997376407861062,nan,nan,nan,1,-0.10353681477535942,nan,nan,nan,1,-0.16984916079478712,nan,nan,nan,1,0.5509705362074756,nan,nan,nan,1,1.1759901166945188,nan,nan,nan,1
Pskov-76VDV,47,0.37297313930082837,nan,nan,nan,1,-0.0683625593572067,nan,nan,nan,1,-0.0801174850293166,nan,nan,nan,1,0.5742767120181225,nan,nan,nan,1,1.9225060424932825,nan,nan,nan,1
Pskov-76VDV,50,0.22170539966406042,nan,nan,nan,1,-0.10694816701348443,nan,nan,nan,1,-0.16741027625306384,nan,nan,nan,1,0.5576213638416064,nan,nan,nan,1,1.498032741492665,nan,nan,nan,1
Pskov-76VDV,51,0.22466694942036863,nan,nan,nan,1,-0.24895653698743442,nan,nan,nan,1,-0.40043433026513875,nan,nan,nan,1,0.300810883295343,nan,nan,nan,1,1.4529005768828909,nan,nan,nan,1
Pskov-76VDV,52,0.27938031260129453,nan,nan,nan,1,-0.08781743160467156,nan,nan,nan,1,-0.07615546758739396,nan,nan,nan,1,0.5040927882963053,nan,nan,nan,1,1.5771632128997322,nan,nan,nan,1
